,,,,,,,,,,,GAP TIENDA MOCK A,,,,,,,GAP TIENDA MOCK B,,,,,,,GAP TIENDA MOCK C,,,,,,,GAP TIENDA MOCK D,,,,,,,GAP TIENDA MOCK E,,,,,,
,,,,,,,,,,,9001,,,,,,,9002,,,,,,,9003,,,,,,,9004,,,,,,,9005,,,,,,
SEGM,Marca,Área,Categoría,Subcategoría,Temporada,Descripción,Estilo Color,Talla,SKU,Stock CD,Stock tienda,Tránsito,Venta 2W estilo.,Venta 2W,RA.,Sugerencia.,Semanas stock.,Stock tienda,Tránsito,Venta 2W estilo.,Venta 2W,RA.,Sugerencia.,Semanas stock.,Stock tienda,Tránsito,Venta 2W estilo.,Venta 2W,RA.,Sugerencia.,Semanas stock.,Stock tienda,Tránsito,Venta 2W estilo.,Venta 2W,RA.,Sugerencia.,Semanas stock.,Stock tienda,Tránsito,Venta 2W estilo.,Venta 2W,RA.,Sugerencia.,Semanas stock.
MOCK_SEGM,GAP,BEBES,CHAQUETAS,BASICO,2024,PRODUCTO MOCK 0,MOCK COLOR,36 x 32,999000_GP00_MOCK,41,4,6,2,10,0,1,6,48,17,4,2,1,0,2,22,11,7,4,4,3,9,37,11,3,3,2,0,0,24,6,8,8,4,2,2
MOCK_SEGM,GAP,BEBES,CHAQUETAS,BASICO,2024,PRODUCTO MOCK 1,MOCK COLOR,38 x 32,999001_GP00_MOCK,29,39,12,5,4,5,1,7,47,9,7,6,2,5,10,17,15,4,7,2,0,1,49,6,10,4,5,4,12,21,7,8,7,5,3,6
MOCK_SEGM,GAP,NIÑOS,CHAQUETAS,BASICO,2024,PRODUCTO MOCK 2,MOCK COLOR,S / (6),999002_GP00_MOCK,42,13,15,5,6,2,4,5,42,4,7,5,1,0,9,36,10,4,9,3,1,11,45,12,6,1,2,2,12,35,12,4,5,4,5,3
MOCK_SEGM,GAP,MUJERES,CHAQUETAS,BASICO,2024,PRODUCTO MOCK 3,MOCK COLOR,12,999003_GP00_MOCK,78,9,12,2,4,5,4,0,24,15,7,2,4,2,0,40,5,2,8,3,4,1,10,20,7,2,2,5,1,39,11,5,5,4,2,5
MOCK_SEGM,GAP,HOMBRES,CHAQUETAS,BASICO,2024,PRODUCTO MOCK 4,MOCK COLOR,XS,999004_GP00_MOCK,95,18,10,2,9,1,3,5,48,0,1,10,0,2,2,14,1,5,4,4,0,7,24,4,8,0,2,5,3,1,11,4,9,0,3,4
MOCK_SEGM,GAP,NIÑOS,JEANS,BASICO,2024,PRODUCTO MOCK 5,MOCK COLOR,34 x 34,999005_GP00_MOCK,83,3,9,1,10,5,5,10,30,15,9,6,4,0,7,42,10,2,10,5,2,9,42,16,5,6,4,0,6,12,19,6,3,2,5,2
MOCK_SEGM,GAP,NIÑOS,POLERAS,BASICO,2024,PRODUCTO MOCK 6,MOCK COLOR,L / (10),999006_GP00_MOCK,11,24,13,9,5,3,5,4,32,17,4,3,4,4,3,5,3,5,1,3,0,6,26,11,3,3,5,4,3,16,6,3,0,3,1,12
MOCK_SEGM,GAP,HOMBRES,POLERAS,BASICO,2024,PRODUCTO MOCK 7,MOCK COLOR,31 x 32,999007_GP00_MOCK,86,32,2,9,9,0,5,6,14,13,0,3,1,5,6,47,18,7,2,5,1,8,49,2,0,1,0,3,11,5,12,2,4,3,0,4
MOCK_SEGM,GAP,NIÑOS,CHAQUETAS,BASICO,2024,PRODUCTO MOCK 8,MOCK COLOR,32,999008_GP00_MOCK,64,2,16,9,5,5,4,4,23,10,7,0,4,2,6,15,19,9,3,4,5,3,10,9,7,2,0,1,11,37,6,1,0,3,4,11
MOCK_SEGM,GAP,NIÑOS,POLERAS,BASICO,2024,PRODUCTO MOCK 9,MOCK COLOR,8,999009_GP00_MOCK,69,43,0,0,1,1,4,9,0,15,9,8,2,5,9,29,15,1,1,0,5,0,16,18,2,1,3,2,12,48,9,4,0,0,0,0
MOCK_SEGM,GAP,NIÑOS,CHAQUETAS,BASICO,2024,PRODUCTO MOCK 10,MOCK COLOR,25,999010_GP00_MOCK,93,46,13,1,9,0,1,11,42,6,1,2,4,3,2,2,0,1,3,0,1,0,33,4,2,5,2,2,6,50,18,0,8,2,5,3
MOCK_SEGM,GAP,NIÑOS,POLERAS,BASICO,2024,PRODUCTO MOCK 11,MOCK COLOR,12,999011_GP00_MOCK,45,16,19,1,9,3,4,10,23,17,5,1,5,5,12,10,11,10,4,4,2,3,34,17,4,7,1,1,9,44,10,0,1,2,1,2
MOCK_SEGM,GAP,MUJERES,POLERAS,BASICO,2024,PRODUCTO MOCK 12,MOCK COLOR,27,999012_GP00_MOCK,76,45,15,9,6,5,2,4,6,13,10,7,0,1,1,34,3,10,9,1,1,5,14,1,6,7,5,1,4,27,11,0,9,3,1,8
MOCK_SEGM,GAP,BEBES,POLERAS,BASICO,2024,PRODUCTO MOCK 13,MOCK COLOR,12,999013_GP00_MOCK,18,11,1,1,4,4,3,1,14,4,3,2,4,1,9,43,14,9,7,1,1,5,36,9,5,0,2,5,12,49,15,9,5,4,0,11
MOCK_SEGM,GAP,NIÑOS,POLERAS,BASICO,2024,PRODUCTO MOCK 14,MOCK COLOR,28,999014_GP00_MOCK,18,17,3,2,0,3,2,10,41,13,10,2,1,3,5,6,3,6,9,1,4,5,47,3,1,9,2,5,7,31,1,4,0,2,1,1
MOCK_SEGM,GAP,NIÑOS,CHAQUETAS,BASICO,2024,PRODUCTO MOCK 15,MOCK COLOR,40 x 32,999015_GP00_MOCK,49,3,16,3,3,0,1,1,48,13,5,9,2,2,8,45,10,7,4,4,1,10,14,8,2,10,0,3,5,19,12,8,0,3,1,8
MOCK_SEGM,GAP,MUJERES,ACCESORIOS,BASICO,2024,PRODUCTO MOCK 16,MOCK COLOR,14,999016_GP00_MOCK,40,38,0,8,0,3,0,5,29,12,3,1,0,3,0,1,18,4,8,5,3,9,43,18,5,4,4,5,9,9,4,7,0,3,0,4
MOCK_SEGM,GAP,NIÑOS,ACCESORIOS,BASICO,2024,PRODUCTO MOCK 17,MOCK COLOR,16,999017_GP00_MOCK,94,31,5,9,6,4,4,2,41,2,3,1,2,4,12,37,0,8,0,0,2,8,45,5,2,4,0,2,12,18,6,2,4,3,1,6
MOCK_SEGM,GAP,NIÑOS,CHAQUETAS,BASICO,2024,PRODUCTO MOCK 18,MOCK COLOR,30 x 32,999018_GP00_MOCK,18,24,14,4,7,2,4,4,36,19,7,7,2,3,7,39,8,5,8,5,0,1,3,13,4,4,3,4,10,7,19,3,2,2,5,11
MOCK_SEGM,GAP,NIÑOS,POLERAS,BASICO,2024,PRODUCTO MOCK 19,MOCK COLOR,40,999019_GP00_MOCK,77,22,7,4,4,4,0,5,49,0,9,1,0,5,8,18,0,0,7,5,0,4,41,6,8,5,5,1,2,48,4,2,5,4,1,9
MOCK_SEGM,GAP,NIÑOS,JEANS,BASICO,2024,PRODUCTO MOCK 20,MOCK COLOR,XXS,999020_GP00_MOCK,31,33,9,8,3,2,1,9,7,12,10,3,3,1,0,17,5,6,0,4,3,10,0,11,10,10,1,4,2,11,2,1,10,2,1,1
MOCK_SEGM,GAP,MUJERES,JEANS,BASICO,2024,PRODUCTO MOCK 21,MOCK COLOR,36 x 34,999021_GP00_MOCK,38,26,12,4,9,3,3,12,30,14,2,10,1,0,1,35,17,2,8,5,0,2,0,20,6,4,5,1,12,23,12,1,9,5,1,9
MOCK_SEGM,GAP,MUJERES,JEANS,BASICO,2024,PRODUCTO MOCK 22,MOCK COLOR,29 x 30,999022_GP00_MOCK,90,16,3,9,10,1,0,3,19,2,3,6,3,5,5,21,15,2,6,2,1,5,42,17,4,5,3,3,0,44,15,9,4,2,4,2
MOCK_SEGM,GAP,BEBES,CHAQUETAS,BASICO,2024,PRODUCTO MOCK 23,MOCK COLOR,40,999023_GP00_MOCK,29,21,2,10,9,1,5,12,48,7,6,1,2,1,9,45,20,0,9,3,0,10,23,17,5,3,4,0,4,9,1,6,10,1,5,7
MOCK_SEGM,GAP,MUJERES,POLERAS,BASICO,2024,PRODUCTO MOCK 24,MOCK COLOR,10,999024_GP00_MOCK,77,47,12,0,3,1,1,11,8,0,4,5,3,3,10,14,10,2,3,2,1,4,20,12,8,6,2,3,6,20,2,6,9,5,3,4
MOCK_SEGM,GAP,BEBES,POLERAS,BASICO,2024,PRODUCTO MOCK 25,MOCK COLOR,8,999025_GP00_MOCK,67,24,1,9,10,1,2,8,23,7,10,4,3,3,8,24,20,8,0,5,3,8,27,6,6,2,1,3,2,13,9,3,3,1,3,6
MOCK_SEGM,GAP,MUJERES,POLERAS,BASICO,2024,PRODUCTO MOCK 26,MOCK COLOR,XXL,999026_GP00_MOCK,87,40,8,6,5,2,0,6,38,16,1,1,4,4,1,46,14,6,3,5,0,3,2,0,1,10,4,4,3,36,14,7,6,5,5,2
MOCK_SEGM,GAP,BEBES,ACCESORIOS,BASICO,2024,PRODUCTO MOCK 27,MOCK COLOR,L / (10),999027_GP00_MOCK,66,21,1,0,5,0,1,11,36,0,9,10,3,0,7,35,13,0,5,4,4,2,48,19,1,0,4,2,8,6,17,4,6,3,1,6
MOCK_SEGM,GAP,HOMBRES,JEANS,BASICO,2024,PRODUCTO MOCK 28,MOCK COLOR,32 x 32,999028_GP00_MOCK,80,14,17,0,1,4,1,0,6,0,5,8,1,2,3,31,18,3,4,0,4,5,18,6,4,3,0,3,12,6,6,10,2,4,4,10
MOCK_SEGM,GAP,HOMBRES,JEANS,BASICO,2024,PRODUCTO MOCK 29,MOCK COLOR,38,999029_GP00_MOCK,81,39,15,3,10,0,4,8,6,8,6,4,1,5,11,37,17,0,5,4,2,8,30,5,10,4,4,2,4,23,10,0,9,4,3,7
MOCK_SEGM,GAP,BEBES,ACCESORIOS,BASICO,2024,PRODUCTO MOCK 30,MOCK COLOR,28 x 30,999030_GP00_MOCK,79,41,5,7,3,5,4,5,5,14,3,0,0,4,2,44,8,7,10,3,5,3,17,5,1,4,1,4,12,18,1,10,7,3,3,4
MOCK_SEGM,GAP,HOMBRES,JEANS,BASICO,2024,PRODUCTO MOCK 31,MOCK COLOR,XL,999031_GP00_MOCK,13,25,14,5,9,1,1,10,47,2,0,8,2,5,10,17,9,5,1,0,5,12,36,14,10,1,4,4,7,37,10,3,1,3,2,2
MOCK_SEGM,GAP,BEBES,ACCESORIOS,BASICO,2024,PRODUCTO MOCK 32,MOCK COLOR,38,999032_GP00_MOCK,61,14,12,9,4,3,1,5,26,10,5,7,5,5,8,27,16,7,1,4,1,5,49,5,7,3,2,0,9,25,6,4,9,0,0,6
MOCK_SEGM,GAP,HOMBRES,POLERAS,BASICO,2024,PRODUCTO MOCK 33,MOCK COLOR,31 x 30,999033_GP00_MOCK,87,29,8,0,5,2,5,9,27,1,2,7,4,2,11,36,11,10,3,2,5,5,43,2,10,6,0,5,8,39,16,9,0,3,1,6
MOCK_SEGM,GAP,MUJERES,ACCESORIOS,BASICO,2024,PRODUCTO MOCK 34,MOCK COLOR,40 x 34,999034_GP00_MOCK,98,34,7,4,4,5,1,2,24,6,9,9,1,4,4,6,16,1,4,5,5,2,50,9,7,7,4,1,10,37,0,7,10,5,0,5
MOCK_SEGM,GAP,MUJERES,JEANS,BASICO,2024,PRODUCTO MOCK 35,MOCK COLOR,XXL,999035_GP00_MOCK,0,27,16,6,3,0,4,1,16,16,3,2,5,1,11,9,2,2,4,5,4,6,47,13,8,6,2,3,11,42,2,3,1,3,3,10
MOCK_SEGM,GAP,NIÑOS,ACCESORIOS,BASICO,2024,PRODUCTO MOCK 36,MOCK COLOR,29,999036_GP00_MOCK,44,47,5,9,8,1,5,11,38,11,5,3,1,0,9,34,5,10,0,3,5,3,18,14,6,6,3,4,1,36,5,2,3,0,5,11
MOCK_SEGM,GAP,HOMBRES,CHAQUETAS,BASICO,2024,PRODUCTO MOCK 37,MOCK COLOR,26,999037_GP00_MOCK,65,48,12,0,7,5,4,0,37,19,5,7,4,1,6,19,4,10,10,5,1,1,41,6,1,2,3,2,3,49,19,0,9,2,1,9
MOCK_SEGM,GAP,NIÑOS,JEANS,BASICO,2024,PRODUCTO MOCK 38,MOCK COLOR,XS,999038_GP00_MOCK,73,16,18,1,0,0,3,8,13,9,5,6,1,4,6,9,15,9,5,0,1,11,34,3,3,10,4,1,6,21,3,7,9,5,5,1
MOCK_SEGM,GAP,NIÑOS,CHAQUETAS,BASICO,2024,PRODUCTO MOCK 39,MOCK COLOR,33 x 30,999039_GP00_MOCK,28,34,11,0,5,1,3,8,6,17,4,2,1,3,11,48,15,1,9,2,3,9,11,6,2,6,2,3,0,33,0,9,4,1,3,11
MOCK_SEGM,GAP,MUJERES,POLERAS,BASICO,2024,PRODUCTO MOCK 40,MOCK COLOR,32,999040_GP00_MOCK,85,17,1,1,3,2,0,6,6,3,2,7,2,2,11,27,9,10,3,5,2,6,22,4,10,2,3,4,0,35,18,4,9,0,2,5
MOCK_SEGM,GAP,MUJERES,JEANS,BASICO,2024,PRODUCTO MOCK 41,MOCK COLOR,30,999041_GP00_MOCK,79,3,12,6,2,4,1,4,47,19,4,4,0,1,12,24,14,8,0,5,4,5,18,8,1,4,1,1,9,41,12,9,1,4,5,1
MOCK_SEGM,GAP,NIÑOS,POLERAS,BASICO,2024,PRODUCTO MOCK 42,MOCK COLOR,29 x 32,999042_GP00_MOCK,99,18,2,6,3,3,0,9,9,9,5,9,5,5,1,24,10,2,7,2,0,11,6,18,0,2,2,2,6,6,12,8,6,5,1,4
MOCK_SEGM,GAP,BEBES,POLERAS,BASICO,2024,PRODUCTO MOCK 43,MOCK COLOR,29 x 30,999043_GP00_MOCK,29,46,13,5,5,1,3,7,4,6,6,7,5,3,11,15,13,6,0,1,1,11,19,4,6,2,5,2,5,7,4,8,4,5,5,12
MOCK_SEGM,GAP,BEBES,ACCESORIOS,BASICO,2024,PRODUCTO MOCK 44,MOCK COLOR,33 x 30,999044_GP00_MOCK,84,37,4,0,10,0,4,9,27,17,4,0,0,1,6,20,11,8,7,0,1,2,14,3,3,1,3,0,10,16,11,9,6,3,5,12
MOCK_SEGM,GAP,NIÑOS,CHAQUETAS,BASICO,2024,PRODUCTO MOCK 45,MOCK COLOR,32 x 30,999045_GP00_MOCK,2,42,10,5,0,4,1,6,21,7,5,6,5,1,0,32,14,0,5,2,3,2,37,2,8,0,0,2,4,37,4,2,9,4,0,2
MOCK_SEGM,GAP,BEBES,CHAQUETAS,BASICO,2024,PRODUCTO MOCK 46,MOCK COLOR,36 x 32,999046_GP00_MOCK,87,12,14,5,7,4,4,10,1,13,4,0,0,0,4,25,11,2,10,5,0,11,7,8,4,5,1,1,6,16,18,6,3,1,0,8
MOCK_SEGM,GAP,BEBES,CHAQUETAS,BASICO,2024,PRODUCTO MOCK 47,MOCK COLOR,10,999047_GP00_MOCK,82,33,2,2,10,0,4,7,30,19,6,1,4,4,5,15,18,1,9,1,4,12,22,2,5,7,4,4,9,8,9,8,9,2,4,5
MOCK_SEGM,GAP,BEBES,JEANS,BASICO,2024,PRODUCTO MOCK 48,MOCK COLOR,29 x 32,999048_GP00_MOCK,42,8,6,3,7,0,2,2,50,18,10,1,2,3,6,8,9,5,2,3,5,2,38,1,0,0,1,2,1,5,18,3,2,0,2,4
MOCK_SEGM,GAP,BEBES,CHAQUETAS,BASICO,2024,PRODUCTO MOCK 49,MOCK COLOR,XL,999049_GP00_MOCK,81,13,10,5,1,3,3,12,14,13,6,8,5,1,8,11,15,1,9,0,2,7,48,14,7,7,3,2,6,33,3,10,5,4,4,4
MOCK_SEGM,GAP,NIÑOS,CHAQUETAS,BASICO,2024,PRODUCTO MOCK 50,MOCK COLOR,34 x 34,999050_GP00_MOCK,21,0,5,0,4,5,4,2,38,0,3,6,5,1,9,16,13,3,0,1,4,8,25,14,1,9,1,2,11,30,20,7,1,4,0,4
MOCK_SEGM,GAP,NIÑOS,ACCESORIOS,BASICO,2024,PRODUCTO MOCK 51,MOCK COLOR,30,999051_GP00_MOCK,93,26,11,4,7,2,0,1,24,15,1,10,0,1,4,5,20,7,0,5,5,10,29,16,3,0,0,2,1,18,14,7,9,2,0,7
MOCK_SEGM,GAP,BEBES,JEANS,BASICO,2024,PRODUCTO MOCK 52,MOCK COLOR,M,999052_GP00_MOCK,37,49,13,1,10,3,4,6,45,1,4,5,0,3,8,23,13,4,6,5,2,8,19,2,1,8,2,2,4,7,6,9,8,5,1,8
MOCK_SEGM,GAP,HOMBRES,CHAQUETAS,BASICO,2024,PRODUCTO MOCK 53,MOCK COLOR,14,999053_GP00_MOCK,28,20,7,4,2,3,2,5,31,9,0,2,4,2,0,29,19,6,4,4,3,3,21,14,8,4,5,5,2,20,1,6,2,1,4,1
MOCK_SEGM,GAP,MUJERES,JEANS,BASICO,2024,PRODUCTO MOCK 54,MOCK COLOR,8,999054_GP00_MOCK,82,23,4,1,7,0,4,4,31,11,10,3,4,5,12,33,12,3,4,0,0,12,46,9,4,8,3,2,3,48,2,3,6,5,0,3
MOCK_SEGM,GAP,MUJERES,JEANS,BASICO,2024,PRODUCTO MOCK 55,MOCK COLOR,L / (10),999055_GP00_MOCK,13,50,6,6,5,0,3,8,19,7,7,5,2,2,11,5,8,2,7,0,4,11,34,11,9,7,5,1,9,40,19,3,9,5,4,6
MOCK_SEGM,GAP,BEBES,ACCESORIOS,BASICO,2024,PRODUCTO MOCK 56,MOCK COLOR,36 x 32,999056_GP00_MOCK,93,33,0,1,7,4,2,1,16,5,8,6,0,2,2,14,5,4,2,0,4,0,26,8,10,3,4,3,2,40,4,5,5,2,3,9
MOCK_SEGM,GAP,HOMBRES,JEANS,BASICO,2024,PRODUCTO MOCK 57,MOCK COLOR,30 x 30,999057_GP00_MOCK,17,22,17,2,3,1,1,7,46,17,0,3,1,3,0,3,15,8,0,5,0,12,16,8,0,10,5,3,6,16,18,2,4,5,0,11
MOCK_SEGM,GAP,NIÑOS,CHAQUETAS,BASICO,2024,PRODUCTO MOCK 58,MOCK COLOR,38,999058_GP00_MOCK,92,30,7,1,5,4,2,10,17,14,9,3,0,2,11,1,6,6,7,1,4,0,36,10,2,0,1,5,7,37,10,1,8,2,5,6
MOCK_SEGM,GAP,NIÑOS,JEANS,BASICO,2024,PRODUCTO MOCK 59,MOCK COLOR,35,999059_GP00_MOCK,9,22,2,7,1,3,1,5,9,14,10,4,3,3,5,24,19,6,10,0,4,10,38,10,6,0,2,1,6,23,17,6,6,0,5,8
MOCK_SEGM,GAP,MUJERES,CHAQUETAS,BASICO,2024,PRODUCTO MOCK 60,MOCK COLOR,S,999060_GP00_MOCK,47,2,18,0,8,1,3,5,35,8,1,0,5,1,10,36,0,8,4,3,5,12,0,16,2,4,0,0,1,1,3,3,5,0,1,2
MOCK_SEGM,GAP,HOMBRES,ACCESORIOS,BASICO,2024,PRODUCTO MOCK 61,MOCK COLOR,XXS,999061_GP00_MOCK,91,32,5,6,0,0,2,7,20,19,7,1,1,0,5,1,12,6,1,0,3,3,45,3,0,2,1,5,12,33,14,9,8,2,5,2
MOCK_SEGM,GAP,MUJERES,JEANS,BASICO,2024,PRODUCTO MOCK 62,MOCK COLOR,S / (6),999062_GP00_MOCK,34,22,1,5,8,3,0,4,48,9,6,3,0,5,1,28,4,2,3,4,1,0,16,1,6,6,0,4,7,39,19,8,1,1,3,3
MOCK_SEGM,GAP,MUJERES,ACCESORIOS,BASICO,2024,PRODUCTO MOCK 63,MOCK COLOR,10,999063_GP00_MOCK,16,31,11,6,10,4,4,1,13,12,2,4,0,0,3,40,3,5,8,0,4,8,14,8,5,2,3,0,10,44,10,6,10,2,5,6
MOCK_SEGM,GAP,HOMBRES,ACCESORIOS,BASICO,2024,PRODUCTO MOCK 64,MOCK COLOR,4,999064_GP00_MOCK,81,41,4,4,6,2,4,10,33,3,0,9,0,1,8,47,13,7,8,1,3,11,8,12,1,6,0,4,7,44,17,3,9,3,3,1
MOCK_SEGM,GAP,MUJERES,ACCESORIOS,BASICO,2024,PRODUCTO MOCK 65,MOCK COLOR,38,999065_GP00_MOCK,55,43,14,3,9,0,0,1,30,2,9,3,1,2,3,18,12,9,9,0,4,4,40,15,4,1,3,2,2,25,1,5,7,2,0,7
MOCK_SEGM,GAP,HOMBRES,CHAQUETAS,BASICO,2024,PRODUCTO MOCK 66,MOCK COLOR,8,999066_GP00_MOCK,38,38,13,8,4,5,4,12,50,3,7,8,2,0,6,18,7,0,1,0,5,6,4,16,9,8,4,4,10,49,2,9,1,0,2,5
MOCK_SEGM,GAP,NIÑOS,JEANS,BASICO,2024,PRODUCTO MOCK 67,MOCK COLOR,8,999067_GP00_MOCK,68,37,2,9,3,0,3,12,45,19,3,3,0,2,8,20,20,2,5,3,5,0,22,15,1,10,1,2,8,48,5,8,6,2,4,1
MOCK_SEGM,GAP,NIÑOS,ACCESORIOS,BASICO,2024,PRODUCTO MOCK 68,MOCK COLOR,XL,999068_GP00_MOCK,24,47,15,5,6,2,4,0,19,20,4,7,3,1,2,20,8,1,4,3,2,11,49,5,3,2,2,0,5,29,10,6,3,5,2,4
MOCK_SEGM,GAP,MUJERES,CHAQUETAS,BASICO,2024,PRODUCTO MOCK 69,MOCK COLOR,L / (10),999069_GP00_MOCK,16,41,9,4,9,1,0,6,47,16,3,4,1,3,8,37,18,10,4,0,4,9,34,8,10,0,5,1,2,35,19,3,9,5,0,1
MOCK_SEGM,GAP,MUJERES,ACCESORIOS,BASICO,2024,PRODUCTO MOCK 70,MOCK COLOR,32 x 30,999070_GP00_MOCK,95,25,1,3,3,1,4,2,19,2,2,1,1,5,9,17,4,4,2,4,0,2,10,18,1,5,4,3,2,37,10,5,9,1,3,3
MOCK_SEGM,GAP,NIÑOS,JEANS,BASICO,2024,PRODUCTO MOCK 71,MOCK COLOR,XL / (12),999071_GP00_MOCK,64,30,2,10,1,4,1,11,48,20,4,1,3,4,8,23,16,6,6,0,0,7,14,2,1,0,2,5,3,32,6,4,9,0,2,4
MOCK_SEGM,GAP,BEBES,CHAQUETAS,BASICO,2024,PRODUCTO MOCK 72,MOCK COLOR,0,999072_GP00_MOCK,90,25,18,5,3,5,4,5,38,12,5,7,0,0,0,12,10,3,8,3,1,5,30,20,2,8,5,2,12,35,13,8,10,1,5,1
MOCK_SEGM,GAP,MUJERES,JEANS,BASICO,2024,PRODUCTO MOCK 73,MOCK COLOR,XXL / (14-16),999073_GP00_MOCK,75,39,12,3,0,5,1,1,21,8,5,8,3,0,11,11,15,2,5,0,5,12,12,15,5,7,5,4,10,13,10,3,2,4,2,1
MOCK_SEGM,GAP,HOMBRES,JEANS,BASICO,2024,PRODUCTO MOCK 74,MOCK COLOR,25,999074_GP00_MOCK,85,17,1,10,2,2,2,11,3,3,5,9,3,5,1,10,20,1,4,2,4,6,25,11,7,8,0,1,4,16,7,8,10,3,3,5
MOCK_SEGM,GAP,HOMBRES,ACCESORIOS,BASICO,2024,PRODUCTO MOCK 75,MOCK COLOR,40 x 32,999075_GP00_MOCK,64,43,13,7,2,4,3,0,22,18,4,0,3,5,1,34,0,9,9,1,0,9,17,12,2,0,0,2,9,22,8,7,6,2,0,6
MOCK_SEGM,GAP,MUJERES,POLERAS,BASICO,2024,PRODUCTO MOCK 76,MOCK COLOR,30 x 30,999076_GP00_MOCK,39,26,1,2,3,2,2,5,30,3,10,6,2,2,11,19,12,3,4,4,0,7,31,9,10,1,4,0,7,10,14,4,8,0,5,11
MOCK_SEGM,GAP,HOMBRES,JEANS,BASICO,2024,PRODUCTO MOCK 77,MOCK COLOR,31 x 30,999077_GP00_MOCK,97,43,5,5,3,2,3,1,0,6,4,0,1,5,9,8,7,1,0,0,3,8,8,1,7,0,0,1,0,3,4,0,10,5,2,10
MOCK_SEGM,GAP,NIÑOS,CHAQUETAS,BASICO,2024,PRODUCTO MOCK 78,MOCK COLOR,27,999078_GP00_MOCK,2,9,5,10,5,5,3,8,0,3,0,9,5,5,5,6,1,1,1,5,3,6,7,17,5,6,1,1,0,18,14,2,1,1,5,5
MOCK_SEGM,GAP,MUJERES,CHAQUETAS,BASICO,2024,PRODUCTO MOCK 79,MOCK COLOR,30 x 30,999079_GP00_MOCK,45,25,8,7,10,4,5,10,30,20,9,1,0,1,6,30,9,1,7,4,1,12,42,5,4,0,5,0,9,8,3,4,9,0,2,2
MOCK_SEGM,GAP,HOMBRES,POLERAS,BASICO,2024,PRODUCTO MOCK 80,MOCK COLOR,38 x 30,999080_GP00_MOCK,90,23,18,10,4,3,4,8,0,5,0,1,2,5,7,42,14,9,1,5,4,3,12,11,4,8,4,2,0,29,17,6,3,1,5,11
MOCK_SEGM,GAP,HOMBRES,POLERAS,BASICO,2024,PRODUCTO MOCK 81,MOCK COLOR,36,999081_GP00_MOCK,31,0,2,2,5,4,4,0,28,15,0,9,5,2,2,50,2,5,10,1,1,3,26,0,4,7,4,1,1,26,17,4,7,5,5,3
MOCK_SEGM,GAP,HOMBRES,ACCESORIOS,BASICO,2024,PRODUCTO MOCK 82,MOCK COLOR,38 x 30,999082_GP00_MOCK,74,45,11,1,1,4,2,4,41,13,5,8,3,3,3,3,15,8,5,5,4,0,25,11,5,7,1,5,9,13,4,5,3,5,4,8
MOCK_SEGM,GAP,HOMBRES,JEANS,BASICO,2024,PRODUCTO MOCK 83,MOCK COLOR,XL,999083_GP00_MOCK,25,26,5,4,1,3,3,10,17,1,2,6,0,2,7,27,3,7,0,1,5,5,37,18,2,7,3,5,4,44,5,4,4,1,1,3
MOCK_SEGM,GAP,MUJERES,CHAQUETAS,BASICO,2024,PRODUCTO MOCK 84,MOCK COLOR,32,999084_GP00_MOCK,77,29,13,5,6,5,3,6,28,4,10,0,2,2,12,19,6,2,6,3,1,9,17,18,0,2,2,5,12,49,18,3,7,3,1,0
MOCK_SEGM,GAP,HOMBRES,POLERAS,BASICO,2024,PRODUCTO MOCK 85,MOCK COLOR,40,999085_GP00_MOCK,1,29,5,2,3,3,0,11,43,15,4,2,0,1,8,43,20,4,2,1,0,10,4,6,6,9,2,3,5,13,0,7,9,2,1,7
MOCK_SEGM,GAP,NIÑOS,POLERAS,BASICO,2024,PRODUCTO MOCK 86,MOCK COLOR,L,999086_GP00_MOCK,37,34,4,2,0,2,5,9,16,8,3,10,2,5,8,46,3,3,3,4,1,0,23,7,4,6,5,2,10,35,18,3,7,5,3,3
MOCK_SEGM,GAP,NIÑOS,CHAQUETAS,BASICO,2024,PRODUCTO MOCK 87,MOCK COLOR,32 x 34,999087_GP00_MOCK,95,39,11,10,9,2,3,3,24,19,0,4,4,5,2,23,13,3,9,3,2,2,5,11,4,8,1,0,2,29,5,8,6,3,2,7
MOCK_SEGM,GAP,HOMBRES,ACCESORIOS,BASICO,2024,PRODUCTO MOCK 88,MOCK COLOR,40 x 32,999088_GP00_MOCK,48,39,2,0,7,4,5,8,11,15,0,9,4,1,4,18,17,6,10,4,2,3,13,4,0,8,0,0,8,47,11,4,3,5,5,5
MOCK_SEGM,GAP,NIÑOS,POLERAS,BASICO,2024,PRODUCTO MOCK 89,MOCK COLOR,29,999089_GP00_MOCK,54,44,5,3,10,1,1,7,24,3,8,8,0,3,0,36,15,7,1,5,4,10,47,20,7,4,3,1,10,19,18,5,7,1,0,6
MOCK_SEGM,GAP,NIÑOS,ACCESORIOS,BASICO,2024,PRODUCTO MOCK 90,MOCK COLOR,S,999090_GP00_MOCK,9,40,20,10,10,1,4,0,39,17,3,1,1,2,8,46,4,7,1,1,2,5,41,17,9,7,2,5,3,35,5,10,9,2,4,9
MOCK_SEGM,GAP,NIÑOS,POLERAS,BASICO,2024,PRODUCTO MOCK 91,MOCK COLOR,30 x 32,999091_GP00_MOCK,10,13,8,0,8,3,2,5,34,4,0,3,2,1,8,45,0,1,3,5,3,6,2,13,0,5,5,5,4,20,1,1,10,3,3,8
MOCK_SEGM,GAP,NIÑOS,ACCESORIOS,BASICO,2024,PRODUCTO MOCK 92,MOCK COLOR,29,999092_GP00_MOCK,85,28,1,4,4,3,1,9,27,14,8,4,1,0,3,12,14,6,1,1,3,4,39,5,5,1,2,4,8,46,0,5,3,3,4,5
MOCK_SEGM,GAP,NIÑOS,ACCESORIOS,BASICO,2024,PRODUCTO MOCK 93,MOCK COLOR,0,999093_GP00_MOCK,33,2,0,5,10,2,3,1,28,2,2,7,0,4,8,37,3,7,4,2,3,4,47,9,4,6,0,4,1,50,1,1,2,4,5,9
MOCK_SEGM,GAP,HOMBRES,ACCESORIOS,BASICO,2024,PRODUCTO MOCK 94,MOCK COLOR,32,999094_GP00_MOCK,37,44,11,0,4,5,4,2,43,18,8,6,4,5,6,0,9,8,7,1,3,12,19,18,10,7,2,5,7,12,13,9,2,2,2,5
MOCK_SEGM,GAP,MUJERES,POLERAS,BASICO,2024,PRODUCTO MOCK 95,MOCK COLOR,6,999095_GP00_MOCK,24,35,4,5,8,1,2,8,31,13,10,8,5,0,7,37,1,2,9,3,2,5,49,16,2,3,4,4,2,15,10,3,7,0,1,7
MOCK_SEGM,GAP,HOMBRES,ACCESORIOS,BASICO,2024,PRODUCTO MOCK 96,MOCK COLOR,0,999096_GP00_MOCK,18,22,9,3,5,2,2,7,7,1,5,8,0,3,7,41,4,5,8,1,3,11,49,14,1,8,4,3,4,28,6,9,8,2,2,4
MOCK_SEGM,GAP,HOMBRES,ACCESORIOS,BASICO,2024,PRODUCTO MOCK 97,MOCK COLOR,36,999097_GP00_MOCK,70,47,10,3,1,1,1,7,14,8,6,3,0,3,2,12,17,0,9,5,5,3,4,9,0,9,2,3,12,24,14,1,5,2,0,11
MOCK_SEGM,GAP,MUJERES,JEANS,BASICO,2024,PRODUCTO MOCK 98,MOCK COLOR,12,999098_GP00_MOCK,13,47,5,0,2,0,5,10,21,12,10,1,1,5,1,40,5,0,0,3,0,2,14,17,1,3,3,3,4,35,1,5,3,1,4,7
MOCK_SEGM,GAP,HOMBRES,CHAQUETAS,BASICO,2024,PRODUCTO MOCK 99,MOCK COLOR,M / (8),999099_GP00_MOCK,37,22,3,2,5,2,1,3,24,10,5,4,4,3,5,26,8,8,1,4,4,8,11,16,8,7,1,0,4,11,20,1,8,4,5,3
MOCK_SEGM,GAP,BEBES,CHAQUETAS,BASICO,2024,PRODUCTO MOCK 100,MOCK COLOR,XL,999100_GP00_MOCK,76,13,4,10,10,1,3,8,15,13,5,5,3,1,1,28,19,0,10,3,3,11,17,5,5,10,3,4,5,25,0,9,4,5,5,5
MOCK_SEGM,GAP,BEBES,CHAQUETAS,BASICO,2024,PRODUCTO MOCK 101,MOCK COLOR,34 x 32,999101_GP00_MOCK,9,46,10,10,0,4,2,2,13,16,3,10,5,4,8,22,1,10,2,0,2,11,48,19,4,2,0,4,7,31,11,3,10,2,0,4
MOCK_SEGM,GAP,BEBES,CHAQUETAS,BASICO,2024,PRODUCTO MOCK 102,MOCK COLOR,4,999102_GP00_MOCK,25,24,14,5,10,0,1,2,24,5,10,9,3,4,8,11,16,3,3,5,2,9,48,15,10,10,5,2,8,14,13,8,2,5,2,1
MOCK_SEGM,GAP,MUJERES,POLERAS,BASICO,2024,PRODUCTO MOCK 103,MOCK COLOR,30 x 32,999103_GP00_MOCK,33,39,5,1,0,3,1,4,50,20,8,10,5,4,1,20,2,10,8,1,1,3,6,7,5,2,3,2,4,18,3,8,1,3,2,5
MOCK_SEGM,GAP,MUJERES,POLERAS,BASICO,2024,PRODUCTO MOCK 104,MOCK COLOR,38 x 32,999104_GP00_MOCK,56,33,7,4,1,0,1,10,27,11,7,4,2,3,11,47,10,7,3,5,4,8,46,11,0,0,5,3,5,31,3,1,0,2,5,5
MOCK_SEGM,GAP,BEBES,POLERAS,BASICO,2024,PRODUCTO MOCK 105,MOCK COLOR,32 x 30,999105_GP00_MOCK,78,43,6,9,0,3,0,12,0,18,5,1,5,0,12,8,12,3,6,2,0,10,15,1,1,2,3,5,2,5,20,0,6,5,0,7
MOCK_SEGM,GAP,MUJERES,POLERAS,BASICO,2024,PRODUCTO MOCK 106,MOCK COLOR,24,999106_GP00_MOCK,20,4,1,5,5,0,0,10,27,5,1,2,5,0,3,32,1,7,2,0,3,9,21,16,0,1,2,2,3,27,19,9,3,4,0,9
MOCK_SEGM,GAP,MUJERES,POLERAS,BASICO,2024,PRODUCTO MOCK 107,MOCK COLOR,36 x 30,999107_GP00_MOCK,16,38,20,4,7,0,0,3,20,3,8,2,0,4,5,32,3,8,4,3,3,12,26,17,8,6,2,3,6,14,8,7,7,2,4,4
MOCK_SEGM,GAP,BEBES,CHAQUETAS,BASICO,2024,PRODUCTO MOCK 108,MOCK COLOR,38 x 30,999108_GP00_MOCK,99,0,0,9,10,0,2,0,18,3,6,3,4,1,4,15,4,0,5,2,3,2,13,16,2,10,2,5,7,50,19,5,2,0,0,4
MOCK_SEGM,GAP,MUJERES,JEANS,BASICO,2024,PRODUCTO MOCK 109,MOCK COLOR,31 x 30,999109_GP00_MOCK,57,11,19,8,6,5,4,8,24,0,7,6,1,5,4,31,11,3,9,0,5,1,10,6,5,3,0,4,4,17,16,0,4,4,2,4
MOCK_SEGM,GAP,MUJERES,POLERAS,BASICO,2024,PRODUCTO MOCK 110,MOCK COLOR,7,999110_GP00_MOCK,17,13,2,0,7,4,5,8,3,7,0,5,2,0,9,18,4,0,7,3,5,10,48,13,5,6,3,3,6,27,13,4,0,3,0,7
MOCK_SEGM,GAP,BEBES,JEANS,BASICO,2024,PRODUCTO MOCK 111,MOCK COLOR,7,999111_GP00_MOCK,68,49,15,5,9,4,0,7,35,6,8,3,5,1,7,47,9,9,3,5,5,6,21,5,10,10,5,0,4,9,17,9,4,3,4,7
MOCK_SEGM,GAP,HOMBRES,JEANS,BASICO,2024,PRODUCTO MOCK 112,MOCK COLOR,27,999112_GP00_MOCK,23,17,18,10,2,0,3,0,45,2,5,3,0,4,3,17,1,10,0,0,0,5,35,9,9,5,3,3,8,5,9,1,10,3,4,5
MOCK_SEGM,GAP,BEBES,CHAQUETAS,BASICO,2024,PRODUCTO MOCK 113,MOCK COLOR,32 x 34,999113_GP00_MOCK,0,30,17,7,2,1,5,6,40,6,2,9,0,2,4,42,11,0,2,4,4,8,24,7,1,9,0,5,0,20,2,10,5,4,1,11
MOCK_SEGM,GAP,HOMBRES,JEANS,BASICO,2024,PRODUCTO MOCK 114,MOCK COLOR,S,999114_GP00_MOCK,25,39,7,4,0,0,2,12,11,18,3,5,5,0,8,44,16,8,10,1,4,7,2,2,8,5,3,0,12,10,7,0,5,0,5,10
MOCK_SEGM,GAP,HOMBRES,CHAQUETAS,BASICO,2024,PRODUCTO MOCK 115,MOCK COLOR,2,999115_GP00_MOCK,35,16,19,0,6,2,0,8,9,14,6,8,2,3,6,0,2,9,9,3,2,1,5,10,10,7,1,3,10,47,15,9,9,1,1,1
MOCK_SEGM,GAP,MUJERES,JEANS,BASICO,2024,PRODUCTO MOCK 116,MOCK COLOR,8,999116_GP00_MOCK,33,37,12,7,7,1,0,3,1,18,4,10,0,3,10,10,3,4,1,0,0,10,9,12,9,1,3,3,6,26,1,9,0,5,3,10
MOCK_SEGM,GAP,MUJERES,ACCESORIOS,BASICO,2024,PRODUCTO MOCK 117,MOCK COLOR,33 x 32,999117_GP00_MOCK,52,39,20,10,7,2,0,8,13,16,2,9,4,0,10,12,1,9,7,0,5,4,36,10,6,9,5,0,6,24,17,9,7,1,2,3
MOCK_SEGM,GAP,MUJERES,POLERAS,BASICO,2024,PRODUCTO MOCK 118,MOCK COLOR,24,999118_GP00_MOCK,11,15,16,5,9,4,2,8,13,17,10,9,0,0,3,7,3,3,8,4,5,10,31,2,1,6,3,2,6,12,8,6,4,5,0,5
MOCK_SEGM,GAP,NIÑOS,POLERAS,BASICO,2024,PRODUCTO MOCK 119,MOCK COLOR,31 x 30,999119_GP00_MOCK,15,19,14,3,1,4,2,0,3,6,3,3,5,2,12,46,10,2,5,1,3,10,15,3,6,5,2,3,5,6,5,6,1,0,2,2
MOCK_SEGM,GAP,BEBES,ACCESORIOS,BASICO,2024,PRODUCTO MOCK 120,MOCK COLOR,S / (6),999120_GP00_MOCK,47,22,0,2,5,2,5,9,38,7,4,9,2,1,0,43,15,7,0,4,1,9,35,2,8,5,0,4,5,48,0,0,7,3,0,7
MOCK_SEGM,GAP,NIÑOS,ACCESORIOS,BASICO,2024,PRODUCTO MOCK 121,MOCK COLOR,36 x 34,999121_GP00_MOCK,90,12,17,6,1,1,2,8,28,4,0,3,2,2,3,24,14,2,8,2,2,6,31,19,5,10,4,1,0,42,19,10,2,4,4,10
MOCK_SEGM,GAP,HOMBRES,POLERAS,BASICO,2024,PRODUCTO MOCK 122,MOCK COLOR,XL,999122_GP00_MOCK,61,15,18,2,4,2,1,3,30,2,9,1,5,5,10,43,1,5,10,2,4,11,43,17,9,7,0,5,9,46,12,5,8,5,1,12
MOCK_SEGM,GAP,NIÑOS,ACCESORIOS,BASICO,2024,PRODUCTO MOCK 123,MOCK COLOR,38 x 30,999123_GP00_MOCK,51,25,1,0,6,3,4,10,29,13,1,8,1,3,1,50,4,3,1,3,5,4,22,16,10,5,5,2,11,50,3,5,3,0,5,5
MOCK_SEGM,GAP,BEBES,JEANS,BASICO,2024,PRODUCTO MOCK 124,MOCK COLOR,29 x 30,999124_GP00_MOCK,1,10,6,6,3,2,3,3,13,8,7,4,2,0,10,45,7,3,9,1,5,1,24,4,10,4,1,0,3,34,5,1,4,2,3,1
MOCK_SEGM,GAP,BEBES,POLERAS,BASICO,2024,PRODUCTO MOCK 125,MOCK COLOR,40,999125_GP00_MOCK,55,1,11,3,6,5,3,12,21,9,2,0,4,1,5,5,15,0,3,5,3,3,5,20,9,6,5,2,5,50,0,0,8,5,2,9
MOCK_SEGM,GAP,NIÑOS,CHAQUETAS,BASICO,2024,PRODUCTO MOCK 126,MOCK COLOR,XXL / (14-16),999126_GP00_MOCK,99,44,18,2,2,3,5,4,29,17,10,1,3,1,3,5,2,5,10,2,1,9,2,16,8,8,0,4,6,19,14,10,9,3,3,4
MOCK_SEGM,GAP,BEBES,CHAQUETAS,BASICO,2024,PRODUCTO MOCK 127,MOCK COLOR,XS,999127_GP00_MOCK,25,23,15,0,5,3,0,3,42,5,10,1,3,2,12,42,14,0,7,2,5,1,24,12,4,5,5,5,2,22,8,1,6,5,0,6
MOCK_SEGM,GAP,MUJERES,ACCESORIOS,BASICO,2024,PRODUCTO MOCK 128,MOCK COLOR,10,999128_GP00_MOCK,99,1,17,0,9,4,1,6,2,8,4,8,5,2,0,27,13,0,4,0,1,6,11,0,2,3,5,1,9,19,5,0,0,2,3,12
MOCK_SEGM,GAP,MUJERES,ACCESORIOS,BASICO,2024,PRODUCTO MOCK 129,MOCK COLOR,40,999129_GP00_MOCK,43,36,0,5,7,0,4,5,6,3,8,8,2,5,0,25,4,5,9,3,5,5,48,2,8,2,2,5,9,29,12,0,0,0,0,2
MOCK_SEGM,GAP,BEBES,CHAQUETAS,BASICO,2024,PRODUCTO MOCK 130,MOCK COLOR,38 x 32,999130_GP00_MOCK,68,25,12,4,2,5,1,2,11,11,6,8,3,4,2,37,14,8,6,2,3,9,23,12,9,8,1,1,2,28,6,6,6,1,5,5
MOCK_SEGM,GAP,MUJERES,POLERAS,BASICO,2024,PRODUCTO MOCK 131,MOCK COLOR,32 x 30,999131_GP00_MOCK,60,49,8,6,0,5,3,4,30,12,2,10,2,0,11,22,2,8,6,2,1,5,27,4,6,5,0,4,2,32,9,4,2,2,0,1
MOCK_SEGM,GAP,NIÑOS,CHAQUETAS,BASICO,2024,PRODUCTO MOCK 132,MOCK COLOR,30 x 32,999132_GP00_MOCK,48,42,17,2,0,4,4,11,40,5,10,5,3,0,4,15,0,6,9,1,3,4,4,14,4,3,5,4,3,27,7,7,9,5,5,1
MOCK_SEGM,GAP,BEBES,ACCESORIOS,BASICO,2024,PRODUCTO MOCK 133,MOCK COLOR,40 x 32,999133_GP00_MOCK,87,37,19,3,5,4,2,4,7,10,6,10,5,1,4,39,0,7,2,0,4,9,27,3,4,3,1,1,10,29,16,10,1,1,1,7
MOCK_SEGM,GAP,HOMBRES,CHAQUETAS,BASICO,2024,PRODUCTO MOCK 134,MOCK COLOR,32,999134_GP00_MOCK,53,26,0,6,6,0,4,8,21,6,5,4,3,1,8,11,9,4,4,4,4,4,18,17,10,7,3,4,9,11,3,7,10,1,5,2
MOCK_SEGM,GAP,MUJERES,ACCESORIOS,BASICO,2024,PRODUCTO MOCK 135,MOCK COLOR,XS,999135_GP00_MOCK,44,21,13,3,10,3,5,9,49,1,1,4,1,4,10,13,12,5,8,0,5,11,44,9,8,1,3,5,7,27,10,2,3,4,0,5
MOCK_SEGM,GAP,BEBES,JEANS,BASICO,2024,PRODUCTO MOCK 136,MOCK COLOR,XL / (12),999136_GP00_MOCK,69,13,0,1,0,5,1,7,28,9,10,2,2,4,4,4,10,5,10,5,1,5,45,18,10,5,2,4,4,31,4,2,5,5,4,7
MOCK_SEGM,GAP,NIÑOS,CHAQUETAS,BASICO,2024,PRODUCTO MOCK 137,MOCK COLOR,XL,999137_GP00_MOCK,43,14,6,9,1,4,4,4,38,5,5,10,0,2,0,36,20,0,10,0,3,12,16,12,2,4,5,0,4,5,9,10,6,2,4,8
MOCK_SEGM,GAP,NIÑOS,JEANS,BASICO,2024,PRODUCTO MOCK 138,MOCK COLOR,8,999138_GP00_MOCK,10,20,0,2,6,1,2,2,19,15,9,5,1,1,11,23,20,3,10,5,2,11,26,11,3,2,1,3,8,4,3,5,5,5,1,9
MOCK_SEGM,GAP,NIÑOS,JEANS,BASICO,2024,PRODUCTO MOCK 139,MOCK COLOR,4,999139_GP00_MOCK,37,46,1,0,0,2,5,5,10,9,1,6,4,4,11,2,8,4,0,5,5,3,33,19,10,10,3,4,2,13,17,0,0,5,4,7
MOCK_SEGM,GAP,HOMBRES,ACCESORIOS,BASICO,2024,PRODUCTO MOCK 140,MOCK COLOR,0 0,999140_GP00_MOCK,58,21,6,5,1,1,3,3,39,3,0,9,5,1,9,23,5,0,4,1,0,1,35,13,5,3,3,5,6,30,9,8,8,0,5,4
MOCK_SEGM,GAP,BEBES,JEANS,BASICO,2024,PRODUCTO MOCK 141,MOCK COLOR,24,999141_GP00_MOCK,87,23,19,3,5,3,0,5,9,14,2,6,0,4,6,1,19,5,7,4,4,4,5,4,3,9,5,1,2,38,2,5,1,5,1,0
MOCK_SEGM,GAP,MUJERES,POLERAS,BASICO,2024,PRODUCTO MOCK 142,MOCK COLOR,XXS,999142_GP00_MOCK,95,22,20,8,1,2,2,1,0,19,0,4,1,4,9,26,11,3,5,5,1,1,10,1,3,8,1,2,12,0,17,4,10,4,3,7
MOCK_SEGM,GAP,NIÑOS,ACCESORIOS,BASICO,2024,PRODUCTO MOCK 143,MOCK COLOR,24,999143_GP00_MOCK,70,8,5,7,4,0,5,9,21,9,5,10,1,0,1,3,10,1,6,1,2,10,1,19,10,6,5,1,3,9,14,9,0,3,0,1
MOCK_SEGM,GAP,MUJERES,JEANS,BASICO,2024,PRODUCTO MOCK 144,MOCK COLOR,XXL,999144_GP00_MOCK,41,25,10,9,6,3,1,4,25,10,5,9,5,5,9,31,13,10,2,1,0,8,6,15,2,5,1,4,2,6,13,3,0,2,4,2
MOCK_SEGM,GAP,NIÑOS,CHAQUETAS,BASICO,2024,PRODUCTO MOCK 145,MOCK COLOR,6,999145_GP00_MOCK,5,43,4,2,9,5,1,1,25,4,5,3,3,5,9,45,15,9,9,2,1,12,12,4,5,9,4,3,5,31,15,2,7,4,1,7
MOCK_SEGM,GAP,BEBES,JEANS,BASICO,2024,PRODUCTO MOCK 146,MOCK COLOR,34 x 32,999146_GP00_MOCK,44,47,7,2,3,4,4,6,23,20,0,2,1,5,0,31,16,7,3,1,4,2,21,3,2,1,0,4,3,18,20,5,4,2,2,7
MOCK_SEGM,GAP,MUJERES,JEANS,BASICO,2024,PRODUCTO MOCK 147,MOCK COLOR,35,999147_GP00_MOCK,85,41,11,0,6,3,1,4,36,2,8,3,2,4,12,48,1,2,1,1,0,11,12,15,2,8,4,3,1,14,5,9,10,4,3,8
MOCK_SEGM,GAP,NIÑOS,POLERAS,BASICO,2024,PRODUCTO MOCK 148,MOCK COLOR,34 x 32,999148_GP00_MOCK,47,18,2,5,0,5,4,6,12,10,6,8,3,5,6,27,2,8,7,1,2,11,0,20,6,0,1,0,8,24,1,7,10,5,3,0
MOCK_SEGM,GAP,HOMBRES,POLERAS,BASICO,2024,PRODUCTO MOCK 149,MOCK COLOR,0 0,999149_GP00_MOCK,24,39,12,2,2,4,5,4,23,7,6,4,3,4,9,38,1,8,8,4,3,4,12,4,6,6,1,5,1,29,15,10,8,5,1,10
MOCK_SEGM,GAP,NIÑOS,ACCESORIOS,BASICO,2024,PRODUCTO MOCK 150,MOCK COLOR,L,999150_GP00_MOCK,82,26,14,8,10,1,5,0,49,15,5,8,2,3,1,12,12,3,10,3,5,10,21,0,2,6,0,4,2,50,1,2,3,2,5,8
MOCK_SEGM,GAP,MUJERES,CHAQUETAS,BASICO,2024,PRODUCTO MOCK 151,MOCK COLOR,33 x 32,999151_GP00_MOCK,100,27,15,10,4,5,1,5,12,20,3,10,3,3,6,22,14,3,3,2,4,12,32,9,1,6,1,2,5,33,12,9,3,2,2,10
MOCK_SEGM,GAP,BEBES,JEANS,BASICO,2024,PRODUCTO MOCK 152,MOCK COLOR,34 x 32,999152_GP00_MOCK,25,39,9,0,0,2,0,2,36,0,4,0,2,3,1,24,14,5,9,5,1,1,41,17,7,10,5,0,0,42,17,9,6,4,0,12
MOCK_SEGM,GAP,MUJERES,JEANS,BASICO,2024,PRODUCTO MOCK 153,MOCK COLOR,M,999153_GP00_MOCK,64,20,0,8,6,3,3,6,39,11,3,8,2,4,2,47,18,10,10,0,1,5,24,7,1,0,0,5,5,10,9,5,7,4,5,4
MOCK_SEGM,GAP,HOMBRES,JEANS,BASICO,2024,PRODUCTO MOCK 154,MOCK COLOR,6,999154_GP00_MOCK,16,6,17,6,6,0,1,8,3,14,6,2,1,3,10,19,1,6,6,5,3,7,31,15,5,4,1,1,7,43,3,0,4,1,0,12
MOCK_SEGM,GAP,HOMBRES,POLERAS,BASICO,2024,PRODUCTO MOCK 155,MOCK COLOR,38 x 32,999155_GP00_MOCK,9,21,17,5,4,4,3,10,40,4,5,6,3,4,1,50,11,8,3,1,3,11,34,2,9,4,4,2,5,20,0,6,7,5,2,4
MOCK_SEGM,GAP,NIÑOS,POLERAS,BASICO,2024,PRODUCTO MOCK 156,MOCK COLOR,XL,999156_GP00_MOCK,94,10,18,9,10,0,2,8,39,8,1,7,1,4,12,42,6,5,3,0,0,5,3,6,4,6,1,4,7,45,8,0,5,5,0,3
MOCK_SEGM,GAP,BEBES,POLERAS,BASICO,2024,PRODUCTO MOCK 157,MOCK COLOR,40 x 32,999157_GP00_MOCK,48,25,16,1,7,1,2,3,33,3,1,3,2,1,7,31,5,10,4,2,4,12,26,17,7,7,3,3,6,23,13,3,1,3,1,3
MOCK_SEGM,GAP,NIÑOS,JEANS,BASICO,2024,PRODUCTO MOCK 158,MOCK COLOR,34,999158_GP00_MOCK,47,25,7,2,2,4,0,9,7,3,0,10,0,2,3,44,11,1,7,0,2,3,24,14,9,8,1,0,7,16,6,2,3,3,2,7
MOCK_SEGM,GAP,BEBES,JEANS,BASICO,2024,PRODUCTO MOCK 159,MOCK COLOR,26,999159_GP00_MOCK,17,48,17,1,5,2,5,3,47,14,0,2,3,0,12,34,10,3,3,0,5,12,4,19,2,9,5,4,3,39,9,9,1,4,5,0
MOCK_SEGM,GAP,HOMBRES,POLERAS,BASICO,2024,PRODUCTO MOCK 160,MOCK COLOR,28,999160_GP00_MOCK,41,36,0,6,3,5,3,7,41,3,9,1,2,0,3,1,6,3,3,1,4,0,8,2,4,3,0,3,10,16,10,1,3,5,3,10
MOCK_SEGM,GAP,MUJERES,ACCESORIOS,BASICO,2024,PRODUCTO MOCK 161,MOCK COLOR,36 x 30,999161_GP00_MOCK,40,29,20,1,9,3,3,1,17,18,4,2,2,0,8,31,15,10,6,5,4,1,0,7,0,4,1,3,9,28,11,7,8,3,0,0
MOCK_SEGM,GAP,HOMBRES,CHAQUETAS,BASICO,2024,PRODUCTO MOCK 162,MOCK COLOR,33 x 30,999162_GP00_MOCK,83,50,19,1,4,4,4,12,15,12,6,2,0,2,0,19,16,5,8,2,4,0,46,4,2,0,1,1,12,23,10,7,9,4,3,0
MOCK_SEGM,GAP,BEBES,ACCESORIOS,BASICO,2024,PRODUCTO MOCK 163,MOCK COLOR,32 x 30,999163_GP00_MOCK,60,11,4,5,2,2,5,6,23,8,7,4,0,0,9,28,13,0,9,3,4,4,5,4,3,10,1,4,3,19,4,2,0,0,0,12
MOCK_SEGM,GAP,HOMBRES,JEANS,BASICO,2024,PRODUCTO MOCK 164,MOCK COLOR,16,999164_GP00_MOCK,9,9,1,3,8,5,1,5,48,4,10,3,0,4,1,37,1,0,5,2,5,4,23,7,9,7,4,1,3,48,20,2,3,2,0,7
MOCK_SEGM,GAP,HOMBRES,CHAQUETAS,BASICO,2024,PRODUCTO MOCK 165,MOCK COLOR,L,999165_GP00_MOCK,45,12,8,4,3,3,1,6,31,10,2,4,4,0,3,27,10,5,7,1,2,4,26,1,4,6,0,0,9,43,6,10,8,3,2,0
MOCK_SEGM,GAP,BEBES,JEANS,BASICO,2024,PRODUCTO MOCK 166,MOCK COLOR,31,999166_GP00_MOCK,76,17,15,10,3,1,1,0,39,14,9,7,1,2,7,22,8,2,9,1,5,11,7,11,0,7,1,1,3,25,11,2,0,0,2,3
MOCK_SEGM,GAP,HOMBRES,POLERAS,BASICO,2024,PRODUCTO MOCK 167,MOCK COLOR,30,999167_GP00_MOCK,40,48,18,3,8,3,1,3,46,16,2,1,0,0,3,13,19,3,7,0,1,0,48,12,3,3,5,5,1,48,10,4,2,0,3,3
MOCK_SEGM,GAP,NIÑOS,POLERAS,BASICO,2024,PRODUCTO MOCK 168,MOCK COLOR,6,999168_GP00_MOCK,3,30,17,1,10,1,2,7,22,20,3,3,0,2,5,50,13,3,0,1,1,4,36,15,10,10,0,3,6,41,10,8,2,5,2,6
MOCK_SEGM,GAP,BEBES,POLERAS,BASICO,2024,PRODUCTO MOCK 169,MOCK COLOR,0,999169_GP00_MOCK,100,35,0,1,6,2,0,8,40,14,0,7,5,2,10,29,8,1,9,1,4,1,24,8,4,2,0,0,2,30,15,9,4,2,2,4
MOCK_SEGM,GAP,HOMBRES,CHAQUETAS,BASICO,2024,PRODUCTO MOCK 170,MOCK COLOR,S / (6),999170_GP00_MOCK,75,33,17,4,10,2,2,7,20,13,0,8,0,4,10,36,3,6,0,2,1,4,1,2,2,3,0,5,5,23,12,4,0,5,3,8
MOCK_SEGM,GAP,HOMBRES,JEANS,BASICO,2024,PRODUCTO MOCK 171,MOCK COLOR,14,999171_GP00_MOCK,98,29,17,1,2,0,0,7,39,18,3,2,2,0,3,12,17,3,0,0,0,5,40,18,4,5,2,5,5,9,20,6,9,3,0,12
MOCK_SEGM,GAP,HOMBRES,CHAQUETAS,BASICO,2024,PRODUCTO MOCK 172,MOCK COLOR,38 x 32,999172_GP00_MOCK,74,5,4,2,6,5,5,3,42,7,1,9,5,4,0,39,4,6,0,5,4,4,23,13,5,6,4,3,12,33,13,6,5,5,1,10
MOCK_SEGM,GAP,BEBES,ACCESORIOS,BASICO,2024,PRODUCTO MOCK 173,MOCK COLOR,10,999173_GP00_MOCK,66,34,16,7,8,1,2,3,14,16,3,5,1,1,3,3,8,2,8,1,0,11,6,1,5,7,4,4,6,10,1,3,5,0,5,7
MOCK_SEGM,GAP,BEBES,CHAQUETAS,BASICO,2024,PRODUCTO MOCK 174,MOCK COLOR,32 x 32,999174_GP00_MOCK,47,49,15,8,4,0,4,1,35,20,5,8,4,0,12,6,17,10,5,4,0,3,13,15,8,1,2,1,10,38,16,8,5,1,4,0
MOCK_SEGM,GAP,MUJERES,JEANS,BASICO,2024,PRODUCTO MOCK 175,MOCK COLOR,XXS,999175_GP00_MOCK,99,22,15,3,1,4,4,3,16,12,3,6,3,3,11,21,17,9,1,1,4,12,21,6,9,10,1,3,6,7,6,7,4,1,4,4
MOCK_SEGM,GAP,NIÑOS,CHAQUETAS,BASICO,2024,PRODUCTO MOCK 176,MOCK COLOR,XXS,999176_GP00_MOCK,0,30,5,7,10,0,1,12,34,18,2,3,4,3,1,7,4,3,7,4,2,10,45,1,0,9,5,0,3,1,16,10,3,5,3,3
MOCK_SEGM,GAP,BEBES,CHAQUETAS,BASICO,2024,PRODUCTO MOCK 177,MOCK COLOR,XXL / (14-16),999177_GP00_MOCK,30,6,13,7,10,2,2,12,48,9,4,0,1,2,8,7,18,3,2,2,2,4,14,5,1,4,0,3,8,4,13,4,4,3,5,12
MOCK_SEGM,GAP,NIÑOS,POLERAS,BASICO,2024,PRODUCTO MOCK 178,MOCK COLOR,32 x 30,999178_GP00_MOCK,22,39,13,2,3,2,4,9,48,1,2,0,1,5,9,49,12,5,3,3,0,10,37,11,2,8,3,4,11,29,12,6,8,1,4,9
MOCK_SEGM,GAP,HOMBRES,JEANS,BASICO,2024,PRODUCTO MOCK 179,MOCK COLOR,0 0,999179_GP00_MOCK,4,46,20,8,10,2,1,8,35,1,0,8,0,3,8,43,14,8,2,5,3,11,27,13,0,10,0,2,3,47,7,1,3,0,2,2
MOCK_SEGM,GAP,BEBES,POLERAS,BASICO,2024,PRODUCTO MOCK 180,MOCK COLOR,32 x 30,999180_GP00_MOCK,31,41,2,5,4,0,2,11,25,13,6,5,3,1,4,26,12,8,10,4,1,6,50,0,2,2,5,5,5,31,8,6,7,1,5,9
MOCK_SEGM,GAP,MUJERES,POLERAS,BASICO,2024,PRODUCTO MOCK 181,MOCK COLOR,31 x 30,999181_GP00_MOCK,8,33,3,5,3,4,0,3,3,12,0,0,1,3,11,31,15,1,3,0,1,7,18,17,10,9,5,0,7,49,4,8,1,1,0,5
MOCK_SEGM,GAP,MUJERES,POLERAS,BASICO,2024,PRODUCTO MOCK 182,MOCK COLOR,XXL / (14-16),999182_GP00_MOCK,50,39,2,9,2,4,5,8,26,17,1,2,2,5,10,10,9,8,5,4,0,12,46,9,1,5,2,0,9,40,1,8,8,3,3,10
MOCK_SEGM,GAP,MUJERES,CHAQUETAS,BASICO,2024,PRODUCTO MOCK 183,MOCK COLOR,M / (8),999183_GP00_MOCK,48,27,9,7,4,3,3,12,32,15,6,6,3,1,11,37,20,10,3,1,0,8,41,13,3,8,5,2,11,31,14,6,3,1,2,7
MOCK_SEGM,GAP,MUJERES,JEANS,BASICO,2024,PRODUCTO MOCK 184,MOCK COLOR,M / (8),999184_GP00_MOCK,80,48,5,9,8,5,5,7,32,6,6,4,0,0,8,25,13,8,8,0,4,9,1,18,2,5,5,1,10,24,14,6,2,2,0,7
MOCK_SEGM,GAP,NIÑOS,CHAQUETAS,BASICO,2024,PRODUCTO MOCK 185,MOCK COLOR,31,999185_GP00_MOCK,76,20,10,4,4,2,0,7,14,8,7,1,4,5,0,31,18,10,10,1,0,5,42,16,2,5,4,5,7,0,1,10,2,4,3,9
MOCK_SEGM,GAP,HOMBRES,POLERAS,BASICO,2024,PRODUCTO MOCK 186,MOCK COLOR,29 x 32,999186_GP00_MOCK,9,20,8,4,3,0,2,9,25,20,0,2,1,0,9,22,9,6,8,0,2,3,14,16,6,3,0,4,10,16,6,8,8,4,2,0
MOCK_SEGM,GAP,HOMBRES,POLERAS,BASICO,2024,PRODUCTO MOCK 187,MOCK COLOR,28 x 30,999187_GP00_MOCK,86,23,19,9,0,2,2,4,13,13,1,6,4,3,5,36,13,1,1,1,5,10,12,7,7,1,5,1,10,21,15,0,8,0,3,6
MOCK_SEGM,GAP,BEBES,CHAQUETAS,BASICO,2024,PRODUCTO MOCK 188,MOCK COLOR,38,999188_GP00_MOCK,89,30,0,0,9,1,5,2,9,8,2,0,0,3,3,6,15,7,7,5,2,0,14,13,6,5,0,5,12,4,14,10,0,4,3,1
MOCK_SEGM,GAP,MUJERES,ACCESORIOS,BASICO,2024,PRODUCTO MOCK 189,MOCK COLOR,32 x 32,999189_GP00_MOCK,88,26,2,3,0,2,5,11,48,18,1,4,2,2,11,36,9,0,3,0,3,6,34,15,10,0,0,3,7,28,6,6,4,4,3,0
MOCK_SEGM,GAP,HOMBRES,ACCESORIOS,BASICO,2024,PRODUCTO MOCK 190,MOCK COLOR,XXS,999190_GP00_MOCK,42,28,13,2,9,3,5,7,13,9,3,0,4,1,7,43,1,1,8,4,0,7,19,16,10,7,2,2,10,34,13,8,8,3,1,5
MOCK_SEGM,GAP,NIÑOS,CHAQUETAS,BASICO,2024,PRODUCTO MOCK 191,MOCK COLOR,10,999191_GP00_MOCK,2,5,12,4,7,1,5,2,31,9,2,6,4,3,11,13,14,10,10,2,4,0,40,0,1,6,5,2,3,6,5,8,0,3,1,12
MOCK_SEGM,GAP,HOMBRES,CHAQUETAS,BASICO,2024,PRODUCTO MOCK 192,MOCK COLOR,14,999192_GP00_MOCK,61,23,0,10,2,4,0,9,35,2,4,5,0,2,0,13,4,4,0,1,1,10,49,1,2,6,5,4,9,1,1,8,1,2,3,8
MOCK_SEGM,GAP,MUJERES,CHAQUETAS,BASICO,2024,PRODUCTO MOCK 193,MOCK COLOR,29 x 30,999193_GP00_MOCK,95,45,12,4,7,4,0,11,39,20,1,0,0,1,2,4,7,8,6,5,4,8,21,19,9,5,1,0,4,15,15,1,3,2,5,2
MOCK_SEGM,GAP,MUJERES,CHAQUETAS,BASICO,2024,PRODUCTO MOCK 194,MOCK COLOR,29 x 32,999194_GP00_MOCK,19,11,0,5,9,1,3,7,33,11,10,5,5,1,5,35,2,9,9,2,2,9,36,2,3,7,1,2,0,42,11,5,9,0,3,2
MOCK_SEGM,GAP,HOMBRES,ACCESORIOS,BASICO,2024,PRODUCTO MOCK 195,MOCK COLOR,30 x 32,999195_GP00_MOCK,34,32,2,8,2,0,5,2,7,10,8,6,3,4,5,23,5,9,5,5,2,7,19,20,5,1,1,5,5,8,0,5,0,0,0,4
MOCK_SEGM,GAP,MUJERES,POLERAS,BASICO,2024,PRODUCTO MOCK 196,MOCK COLOR,29,999196_GP00_MOCK,24,12,19,10,7,0,4,2,5,13,3,6,4,3,12,34,7,8,9,5,2,2,12,16,9,8,0,2,11,17,5,8,10,2,1,8
MOCK_SEGM,GAP,MUJERES,POLERAS,BASICO,2024,PRODUCTO MOCK 197,MOCK COLOR,28 x 30,999197_GP00_MOCK,4,50,14,8,9,5,3,6,43,20,10,8,4,5,8,18,18,1,2,5,1,7,3,17,2,4,2,2,8,15,13,8,8,0,0,6
MOCK_SEGM,GAP,MUJERES,ACCESORIOS,BASICO,2024,PRODUCTO MOCK 198,MOCK COLOR,25,999198_GP00_MOCK,61,32,2,9,8,3,0,12,4,12,10,6,4,4,6,8,8,3,2,0,4,1,5,14,6,3,1,1,9,4,9,4,0,1,3,8
MOCK_SEGM,GAP,BEBES,JEANS,BASICO,2024,PRODUCTO MOCK 199,MOCK COLOR,29 x 32,999199_GP00_MOCK,10,29,8,5,7,2,3,4,2,8,6,0,3,1,2,25,14,10,0,4,0,12,44,10,0,0,4,3,9,31,10,6,7,2,0,10
MOCK_SEGM,GAP,HOMBRES,POLERAS,BASICO,2024,PRODUCTO MOCK 200,MOCK COLOR,28 x 30,999200_GP00_MOCK,61,8,10,1,9,1,4,0,13,13,8,0,4,2,2,45,3,1,4,4,5,5,25,6,9,0,1,5,1,27,8,0,1,2,1,11
MOCK_SEGM,GAP,MUJERES,ACCESORIOS,BASICO,2024,PRODUCTO MOCK 201,MOCK COLOR,34,999201_GP00_MOCK,99,48,12,5,5,4,2,11,30,16,2,5,4,3,5,50,15,2,7,3,2,12,26,17,3,8,5,0,7,49,20,2,5,0,2,8
MOCK_SEGM,GAP,NIÑOS,CHAQUETAS,BASICO,2024,PRODUCTO MOCK 202,MOCK COLOR,38,999202_GP00_MOCK,8,14,2,7,9,1,5,12,5,1,1,7,3,2,5,27,13,1,2,4,0,3,9,18,0,10,4,5,11,13,20,3,8,5,2,5
MOCK_SEGM,GAP,NIÑOS,CHAQUETAS,BASICO,2024,PRODUCTO MOCK 203,MOCK COLOR,26,999203_GP00_MOCK,95,9,11,4,7,2,4,0,1,10,9,6,5,1,8,36,8,3,6,2,2,10,27,6,5,10,5,2,5,49,3,5,8,1,2,6
MOCK_SEGM,GAP,HOMBRES,JEANS,BASICO,2024,PRODUCTO MOCK 204,MOCK COLOR,32 x 30,999204_GP00_MOCK,52,47,9,4,3,5,0,1,45,17,6,9,5,3,12,21,2,0,8,4,2,5,47,3,7,1,0,0,0,24,20,8,2,3,2,4
MOCK_SEGM,GAP,HOMBRES,POLERAS,BASICO,2024,PRODUCTO MOCK 205,MOCK COLOR,25,999205_GP00_MOCK,14,43,0,8,4,5,3,3,33,3,3,10,5,5,4,12,4,9,9,2,4,8,43,8,5,5,1,5,6,14,19,1,8,4,1,8
MOCK_SEGM,GAP,NIÑOS,CHAQUETAS,BASICO,2024,PRODUCTO MOCK 206,MOCK COLOR,XXL / (14-16),999206_GP00_MOCK,75,23,10,8,0,2,3,12,37,2,9,9,5,1,0,48,11,3,4,4,2,12,38,13,1,8,4,4,5,41,5,4,6,5,2,7
MOCK_SEGM,GAP,NIÑOS,ACCESORIOS,BASICO,2024,PRODUCTO MOCK 207,MOCK COLOR,34 x 30,999207_GP00_MOCK,40,16,15,10,3,2,3,0,40,6,4,9,5,0,7,30,18,5,5,3,5,4,24,6,10,4,3,1,9,2,14,6,4,2,0,10
MOCK_SEGM,GAP,HOMBRES,POLERAS,BASICO,2024,PRODUCTO MOCK 208,MOCK COLOR,36 x 34,999208_GP00_MOCK,3,44,11,10,2,0,0,1,25,17,5,8,0,4,10,36,3,10,10,1,0,1,43,10,9,4,0,0,7,15,16,0,9,5,0,0
MOCK_SEGM,GAP,HOMBRES,CHAQUETAS,BASICO,2024,PRODUCTO MOCK 209,MOCK COLOR,32,999209_GP00_MOCK,21,45,8,3,10,5,2,10,23,7,0,0,5,4,0,50,9,10,5,0,2,12,1,1,9,1,3,2,1,28,7,6,7,0,4,7
MOCK_SEGM,GAP,HOMBRES,POLERAS,BASICO,2024,PRODUCTO MOCK 210,MOCK COLOR,S / (6),999210_GP00_MOCK,35,38,16,0,9,5,1,6,48,20,5,6,4,4,12,24,14,7,8,1,3,4,31,16,3,5,5,4,5,17,5,1,1,3,4,3
MOCK_SEGM,GAP,NIÑOS,JEANS,BASICO,2024,PRODUCTO MOCK 211,MOCK COLOR,26,999211_GP00_MOCK,90,50,18,10,9,5,5,12,9,6,3,6,5,0,7,49,3,10,10,4,1,10,17,4,4,7,4,5,0,11,0,4,0,0,2,3
MOCK_SEGM,GAP,BEBES,POLERAS,BASICO,2024,PRODUCTO MOCK 212,MOCK COLOR,L,999212_GP00_MOCK,40,9,20,8,3,1,2,3,21,15,7,1,3,4,6,27,17,1,2,2,4,7,30,2,6,2,5,0,7,15,10,2,9,0,4,10
MOCK_SEGM,GAP,NIÑOS,POLERAS,BASICO,2024,PRODUCTO MOCK 213,MOCK COLOR,40,999213_GP00_MOCK,23,9,17,8,1,2,1,8,32,0,1,0,0,5,9,34,12,3,3,1,2,9,29,20,6,10,4,5,9,24,17,9,0,0,5,1
MOCK_SEGM,GAP,NIÑOS,JEANS,BASICO,2024,PRODUCTO MOCK 214,MOCK COLOR,XXL / (14-16),999214_GP00_MOCK,31,50,9,7,7,5,5,9,9,19,10,4,0,0,5,17,10,1,10,5,0,10,20,19,8,8,0,3,8,16,5,6,8,0,1,4
MOCK_SEGM,GAP,HOMBRES,ACCESORIOS,BASICO,2024,PRODUCTO MOCK 215,MOCK COLOR,26,999215_GP00_MOCK,23,17,0,6,9,0,3,11,20,12,1,1,2,4,1,2,11,6,1,2,4,9,9,15,8,4,5,4,9,48,10,6,10,2,5,4
MOCK_SEGM,GAP,MUJERES,POLERAS,BASICO,2024,PRODUCTO MOCK 216,MOCK COLOR,31 x 30,999216_GP00_MOCK,13,35,0,4,6,0,0,1,17,2,4,9,4,4,4,28,7,6,9,4,0,10,5,4,6,0,4,2,8,40,7,10,1,3,2,12
MOCK_SEGM,GAP,BEBES,POLERAS,BASICO,2024,PRODUCTO MOCK 217,MOCK COLOR,33,999217_GP00_MOCK,40,47,13,7,1,4,1,3,15,16,9,1,2,4,5,15,2,0,10,4,5,2,39,15,0,6,1,3,9,43,13,2,1,1,4,9
MOCK_SEGM,GAP,HOMBRES,JEANS,BASICO,2024,PRODUCTO MOCK 218,MOCK COLOR,40 x 32,999218_GP00_MOCK,74,22,5,1,2,4,5,10,4,17,10,4,2,1,12,46,2,4,2,4,4,10,32,1,0,7,2,0,2,6,14,7,1,2,5,0
MOCK_SEGM,GAP,NIÑOS,CHAQUETAS,BASICO,2024,PRODUCTO MOCK 219,MOCK COLOR,38,999219_GP00_MOCK,69,1,19,3,9,4,2,3,7,9,8,4,3,0,7,10,18,0,6,2,4,1,6,10,6,8,1,1,9,25,4,6,6,4,0,4
MOCK_SEGM,GAP,NIÑOS,ACCESORIOS,BASICO,2024,PRODUCTO MOCK 220,MOCK COLOR,7,999220_GP00_MOCK,25,29,13,0,7,5,3,6,18,14,8,3,0,0,9,46,15,0,4,5,4,10,7,0,1,6,3,1,10,42,6,5,4,0,3,4
MOCK_SEGM,GAP,HOMBRES,POLERAS,BASICO,2024,PRODUCTO MOCK 221,MOCK COLOR,31 x 32,999221_GP00_MOCK,13,14,13,8,10,0,3,9,27,9,8,5,4,0,11,37,0,2,1,0,3,4,48,6,8,5,0,3,3,6,11,4,8,1,5,1
MOCK_SEGM,GAP,NIÑOS,JEANS,BASICO,2024,PRODUCTO MOCK 222,MOCK COLOR,26,999222_GP00_MOCK,25,14,6,0,10,5,4,10,29,17,4,2,2,0,10,46,9,10,6,4,0,12,24,0,10,8,5,2,2,10,0,10,9,1,0,7
MOCK_SEGM,GAP,NIÑOS,JEANS,BASICO,2024,PRODUCTO MOCK 223,MOCK COLOR,30 x 32,999223_GP00_MOCK,100,12,14,7,5,1,2,8,15,3,10,1,3,2,11,47,0,2,9,5,1,1,17,20,5,3,1,1,8,10,8,7,6,4,4,7
MOCK_SEGM,GAP,BEBES,CHAQUETAS,BASICO,2024,PRODUCTO MOCK 224,MOCK COLOR,7,999224_GP00_MOCK,48,28,0,0,0,5,4,3,20,17,3,1,5,5,2,28,1,8,9,4,3,7,11,12,8,9,1,5,3,16,19,2,8,3,2,8
MOCK_SEGM,GAP,NIÑOS,JEANS,BASICO,2024,PRODUCTO MOCK 225,MOCK COLOR,32 x 32,999225_GP00_MOCK,52,46,11,6,0,4,2,0,36,1,1,3,2,1,8,26,10,7,9,0,0,7,38,6,0,10,1,4,8,22,1,2,0,4,2,8
MOCK_SEGM,GAP,BEBES,POLERAS,BASICO,2024,PRODUCTO MOCK 226,MOCK COLOR,38,999226_GP00_MOCK,95,1,15,7,5,5,3,3,42,14,6,4,0,5,0,15,18,2,2,5,2,7,22,1,2,9,1,0,11,46,14,6,5,3,4,12
MOCK_SEGM,GAP,HOMBRES,POLERAS,BASICO,2024,PRODUCTO MOCK 227,MOCK COLOR,40 x 34,999227_GP00_MOCK,92,19,20,9,6,0,4,1,38,9,0,1,1,3,6,29,10,0,1,0,2,8,36,1,8,4,4,0,5,23,2,9,4,2,5,5
MOCK_SEGM,GAP,BEBES,POLERAS,BASICO,2024,PRODUCTO MOCK 228,MOCK COLOR,14,999228_GP00_MOCK,14,9,9,5,4,5,2,1,26,16,7,9,0,0,9,15,9,3,2,3,1,2,10,3,10,1,0,0,6,45,11,1,7,4,5,4
MOCK_SEGM,GAP,MUJERES,ACCESORIOS,BASICO,2024,PRODUCTO MOCK 229,MOCK COLOR,29,999229_GP00_MOCK,38,10,6,1,4,2,2,10,6,14,4,10,1,1,10,46,8,4,2,3,4,2,9,1,7,5,4,2,12,50,19,6,3,4,3,10
MOCK_SEGM,GAP,MUJERES,CHAQUETAS,BASICO,2024,PRODUCTO MOCK 230,MOCK COLOR,30 x 32,999230_GP00_MOCK,86,37,3,8,8,5,4,10,47,11,3,0,0,3,12,4,16,1,2,2,4,7,10,13,1,0,3,5,12,15,3,6,9,3,5,0
MOCK_SEGM,GAP,NIÑOS,POLERAS,BASICO,2024,PRODUCTO MOCK 231,MOCK COLOR,31,999231_GP00_MOCK,9,25,20,6,3,5,0,4,17,13,6,0,4,1,12,31,17,1,7,1,3,4,25,13,2,3,5,3,3,39,0,10,10,3,3,9
MOCK_SEGM,GAP,MUJERES,POLERAS,BASICO,2024,PRODUCTO MOCK 232,MOCK COLOR,XXS,999232_GP00_MOCK,99,20,7,4,10,3,4,0,21,4,3,3,5,4,6,11,10,10,7,2,3,0,45,20,3,2,3,2,2,13,6,5,6,1,1,11
MOCK_SEGM,GAP,MUJERES,ACCESORIOS,BASICO,2024,PRODUCTO MOCK 233,MOCK COLOR,0 0,999233_GP00_MOCK,32,30,4,2,4,3,5,2,10,12,7,5,5,1,1,22,8,9,9,3,1,12,39,1,3,1,3,3,9,13,13,8,5,3,4,8
MOCK_SEGM,GAP,HOMBRES,JEANS,BASICO,2024,PRODUCTO MOCK 234,MOCK COLOR,33,999234_GP00_MOCK,9,26,17,9,7,0,3,1,45,19,5,5,5,4,1,2,3,8,7,4,0,9,46,0,6,3,4,2,6,44,1,4,0,1,1,4
MOCK_SEGM,GAP,NIÑOS,JEANS,BASICO,2024,PRODUCTO MOCK 235,MOCK COLOR,34 x 30,999235_GP00_MOCK,4,17,3,5,4,2,3,5,10,18,5,3,3,4,3,32,10,0,10,4,4,3,38,14,0,1,4,4,8,17,4,3,8,0,3,4
MOCK_SEGM,GAP,BEBES,JEANS,BASICO,2024,PRODUCTO MOCK 236,MOCK COLOR,36 x 34,999236_GP00_MOCK,81,10,12,7,0,2,4,1,13,3,5,7,4,1,10,35,7,8,9,5,1,5,25,11,1,0,1,0,5,46,6,3,5,4,0,0
MOCK_SEGM,GAP,BEBES,CHAQUETAS,BASICO,2024,PRODUCTO MOCK 237,MOCK COLOR,31 x 30,999237_GP00_MOCK,86,21,8,2,10,3,2,10,50,8,7,8,4,1,4,3,7,10,5,5,1,5,30,0,2,7,1,5,9,46,15,9,5,4,2,3
MOCK_SEGM,GAP,BEBES,JEANS,BASICO,2024,PRODUCTO MOCK 238,MOCK COLOR,38 x 30,999238_GP00_MOCK,4,45,14,0,5,5,5,12,30,13,5,9,2,0,3,49,9,6,2,3,4,6,32,14,10,7,5,2,7,12,2,8,2,1,4,11
MOCK_SEGM,GAP,HOMBRES,ACCESORIOS,BASICO,2024,PRODUCTO MOCK 239,MOCK COLOR,28 x 30,999239_GP00_MOCK,87,1,12,3,0,3,1,7,42,4,3,9,1,3,11,30,17,1,3,0,3,10,16,4,7,6,5,5,11,28,1,8,5,3,4,12
MOCK_SEGM,GAP,MUJERES,CHAQUETAS,BASICO,2024,PRODUCTO MOCK 240,MOCK COLOR,38,999240_GP00_MOCK,38,31,18,0,6,4,0,5,12,5,8,6,2,4,1,40,14,1,7,1,3,3,27,0,9,10,2,4,4,47,20,2,5,4,1,11
MOCK_SEGM,GAP,HOMBRES,CHAQUETAS,BASICO,2024,PRODUCTO MOCK 241,MOCK COLOR,28,999241_GP00_MOCK,80,45,10,2,3,4,3,10,30,16,3,2,3,4,5,10,20,5,7,2,0,11,38,6,0,2,1,1,12,49,13,2,7,2,1,7
MOCK_SEGM,GAP,HOMBRES,JEANS,BASICO,2024,PRODUCTO MOCK 242,MOCK COLOR,S / (6),999242_GP00_MOCK,59,0,14,6,9,2,4,2,9,0,0,0,2,1,1,31,14,3,6,3,3,3,28,14,10,0,0,2,6,38,19,1,10,0,4,4
MOCK_SEGM,GAP,MUJERES,POLERAS,BASICO,2024,PRODUCTO MOCK 243,MOCK COLOR,7,999243_GP00_MOCK,99,32,6,10,5,0,0,0,3,20,10,4,0,1,7,21,9,0,5,5,4,4,29,11,9,5,5,0,11,10,10,0,4,5,0,10
MOCK_SEGM,GAP,HOMBRES,CHAQUETAS,BASICO,2024,PRODUCTO MOCK 244,MOCK COLOR,38,999244_GP00_MOCK,49,6,10,9,9,2,4,5,45,4,5,5,1,2,2,21,2,10,7,0,1,6,15,15,8,5,4,2,12,7,16,6,8,4,3,1
MOCK_SEGM,GAP,NIÑOS,POLERAS,BASICO,2024,PRODUCTO MOCK 245,MOCK COLOR,36 x 30,999245_GP00_MOCK,13,42,3,2,8,2,4,7,26,18,0,5,5,3,0,44,20,3,2,1,2,3,23,18,7,6,3,5,7,38,6,4,9,3,3,6
MOCK_SEGM,GAP,NIÑOS,CHAQUETAS,BASICO,2024,PRODUCTO MOCK 246,MOCK COLOR,L,999246_GP00_MOCK,19,17,11,7,2,0,3,4,18,20,5,1,2,3,0,6,1,1,10,5,1,12,41,9,5,7,4,3,9,17,4,2,4,4,0,7
MOCK_SEGM,GAP,BEBES,CHAQUETAS,BASICO,2024,PRODUCTO MOCK 247,MOCK COLOR,L / (10),999247_GP00_MOCK,84,23,9,10,3,0,4,2,23,15,0,10,2,1,6,36,6,10,8,1,4,8,24,9,1,5,3,4,0,34,0,4,9,4,3,4
MOCK_SEGM,GAP,MUJERES,JEANS,BASICO,2024,PRODUCTO MOCK 248,MOCK COLOR,M / (8),999248_GP00_MOCK,97,8,10,2,7,5,3,1,7,7,10,4,1,3,7,44,15,6,7,2,3,11,26,15,1,8,4,5,0,10,8,8,6,2,3,7
MOCK_SEGM,GAP,HOMBRES,JEANS,BASICO,2024,PRODUCTO MOCK 249,MOCK COLOR,4,999249_GP00_MOCK,33,37,9,6,10,0,4,2,31,3,1,0,5,0,5,26,8,3,0,4,3,12,26,18,7,0,0,1,8,1,1,3,8,4,3,5
MOCK_SEGM,GAP,MUJERES,POLERAS,BASICO,2024,PRODUCTO MOCK 250,MOCK COLOR,0,999250_GP00_MOCK,10,3,17,10,0,2,0,0,14,11,4,5,3,1,9,22,13,7,4,2,5,3,2,19,7,1,1,0,11,27,11,5,4,2,3,11
MOCK_SEGM,GAP,MUJERES,POLERAS,BASICO,2024,PRODUCTO MOCK 251,MOCK COLOR,34,999251_GP00_MOCK,8,5,1,4,2,5,0,1,10,5,10,10,1,5,12,24,3,0,6,1,2,9,18,4,1,8,2,3,5,40,0,0,3,0,2,8
MOCK_SEGM,GAP,BEBES,ACCESORIOS,BASICO,2024,PRODUCTO MOCK 252,MOCK COLOR,2,999252_GP00_MOCK,25,48,2,7,8,4,3,12,12,0,10,7,3,5,12,29,8,10,1,4,5,4,24,1,4,9,2,1,4,44,15,1,4,4,5,4
MOCK_SEGM,GAP,BEBES,ACCESORIOS,BASICO,2024,PRODUCTO MOCK 253,MOCK COLOR,36,999253_GP00_MOCK,6,28,12,8,6,3,5,3,17,7,10,5,0,1,3,30,4,5,6,1,3,10,8,5,7,7,0,5,5,44,13,3,5,4,1,11
MOCK_SEGM,GAP,NIÑOS,JEANS,BASICO,2024,PRODUCTO MOCK 254,MOCK COLOR,M,999254_GP00_MOCK,51,48,8,1,9,0,2,4,11,4,3,5,0,0,3,34,12,1,9,3,0,0,25,2,10,3,2,1,11,12,3,3,4,2,2,8
MOCK_SEGM,GAP,HOMBRES,POLERAS,BASICO,2024,PRODUCTO MOCK 255,MOCK COLOR,XS (4-5),999255_GP00_MOCK,2,10,16,1,3,2,2,2,18,16,9,7,4,1,6,39,13,9,6,0,1,2,24,3,10,8,3,3,3,39,9,0,8,3,1,4
MOCK_SEGM,GAP,BEBES,JEANS,BASICO,2024,PRODUCTO MOCK 256,MOCK COLOR,28 x 30,999256_GP00_MOCK,56,1,4,10,0,0,0,8,23,2,1,10,4,2,12,28,0,2,3,2,1,5,15,1,5,10,3,2,3,33,2,2,10,0,5,11
MOCK_SEGM,GAP,NIÑOS,CHAQUETAS,BASICO,2024,PRODUCTO MOCK 257,MOCK COLOR,33,999257_GP00_MOCK,88,27,20,8,0,1,0,10,19,14,9,5,4,0,2,35,11,3,8,4,1,7,0,16,4,9,0,2,7,48,11,9,10,5,5,1
MOCK_SEGM,GAP,NIÑOS,ACCESORIOS,BASICO,2024,PRODUCTO MOCK 258,MOCK COLOR,10,999258_GP00_MOCK,60,18,20,9,2,3,3,12,16,11,10,9,1,2,10,20,17,5,3,0,1,1,19,19,7,4,4,0,2,39,20,2,5,5,0,4
MOCK_SEGM,GAP,NIÑOS,CHAQUETAS,BASICO,2024,PRODUCTO MOCK 259,MOCK COLOR,38,999259_GP00_MOCK,96,28,17,7,8,0,1,1,38,17,6,2,3,3,10,44,6,1,6,2,0,6,21,18,9,5,3,1,9,18,18,8,9,4,1,5
MOCK_SEGM,GAP,NIÑOS,JEANS,BASICO,2024,PRODUCTO MOCK 260,MOCK COLOR,XL / (12),999260_GP00_MOCK,25,4,15,10,1,0,4,9,0,14,6,10,0,3,2,24,11,6,7,3,3,11,34,20,0,4,4,5,6,32,7,9,0,3,4,10
MOCK_SEGM,GAP,BEBES,CHAQUETAS,BASICO,2024,PRODUCTO MOCK 261,MOCK COLOR,7,999261_GP00_MOCK,69,31,20,5,2,4,4,6,45,19,5,2,5,0,6,0,20,2,10,3,1,12,37,3,3,6,3,4,8,45,11,4,6,2,0,10
MOCK_SEGM,GAP,BEBES,CHAQUETAS,BASICO,2024,PRODUCTO MOCK 262,MOCK COLOR,27,999262_GP00_MOCK,70,17,18,10,8,1,5,6,27,3,5,10,2,5,4,2,4,10,3,3,1,5,39,9,5,8,1,5,7,21,14,2,2,0,5,9
MOCK_SEGM,GAP,HOMBRES,POLERAS,BASICO,2024,PRODUCTO MOCK 263,MOCK COLOR,33,999263_GP00_MOCK,11,30,16,8,0,2,4,2,18,3,3,3,1,1,6,2,1,5,7,2,4,2,49,18,5,0,1,4,11,17,1,4,9,0,5,6
MOCK_SEGM,GAP,BEBES,POLERAS,BASICO,2024,PRODUCTO MOCK 264,MOCK COLOR,29 x 32,999264_GP00_MOCK,31,46,9,9,8,1,2,5,12,17,1,2,4,5,10,7,9,3,4,3,3,2,9,15,2,9,4,5,10,48,4,4,8,4,4,7
MOCK_SEGM,GAP,NIÑOS,ACCESORIOS,BASICO,2024,PRODUCTO MOCK 265,MOCK COLOR,38 x 30,999265_GP00_MOCK,25,38,20,5,9,4,4,0,9,16,4,4,5,2,4,3,1,6,5,1,3,9,46,3,7,0,1,2,0,10,4,9,2,4,4,7
MOCK_SEGM,GAP,BEBES,ACCESORIOS,BASICO,2024,PRODUCTO MOCK 266,MOCK COLOR,M / (8),999266_GP00_MOCK,1,23,5,3,6,1,1,11,38,14,4,2,1,2,2,15,19,9,10,0,0,9,33,12,3,9,0,5,3,15,14,7,1,2,1,3
MOCK_SEGM,GAP,MUJERES,JEANS,BASICO,2024,PRODUCTO MOCK 267,MOCK COLOR,0 0,999267_GP00_MOCK,42,47,17,8,6,4,5,1,0,6,10,4,0,5,6,34,13,6,1,1,3,1,6,6,9,8,5,2,5,16,12,7,3,5,0,1
MOCK_SEGM,GAP,MUJERES,POLERAS,BASICO,2024,PRODUCTO MOCK 268,MOCK COLOR,30 x 30,999268_GP00_MOCK,98,12,6,6,8,5,1,5,30,4,9,8,5,5,3,46,13,3,6,0,5,9,6,16,1,7,1,3,11,13,16,3,1,2,4,2
MOCK_SEGM,GAP,MUJERES,ACCESORIOS,BASICO,2024,PRODUCTO MOCK 269,MOCK COLOR,XL / (12),999269_GP00_MOCK,18,21,12,7,4,3,1,5,40,19,3,3,0,5,8,22,17,7,3,1,5,7,2,6,0,1,4,3,12,24,1,3,8,4,1,12
MOCK_SEGM,GAP,NIÑOS,POLERAS,BASICO,2024,PRODUCTO MOCK 270,MOCK COLOR,31,999270_GP00_MOCK,8,10,15,10,7,0,0,4,37,6,8,6,3,4,12,7,12,10,9,3,0,9,30,5,6,6,0,0,0,23,6,2,9,1,3,0
MOCK_SEGM,GAP,BEBES,CHAQUETAS,BASICO,2024,PRODUCTO MOCK 271,MOCK COLOR,33 x 30,999271_GP00_MOCK,42,25,13,9,5,5,4,4,26,3,2,2,3,1,8,14,17,0,10,4,3,7,11,13,9,8,4,0,6,24,11,7,6,4,5,12
MOCK_SEGM,GAP,MUJERES,CHAQUETAS,BASICO,2024,PRODUCTO MOCK 272,MOCK COLOR,26,999272_GP00_MOCK,90,39,0,7,9,1,3,0,42,19,9,4,3,1,0,24,18,9,2,4,4,11,10,14,1,2,4,2,0,50,11,0,7,3,2,3
MOCK_SEGM,GAP,MUJERES,POLERAS,BASICO,2024,PRODUCTO MOCK 273,MOCK COLOR,XXS,999273_GP00_MOCK,6,6,12,1,4,4,0,10,27,11,3,8,1,0,4,4,16,5,6,1,1,6,5,7,9,5,5,1,11,37,14,10,6,4,0,6
MOCK_SEGM,GAP,HOMBRES,POLERAS,BASICO,2024,PRODUCTO MOCK 274,MOCK COLOR,30 x 32,999274_GP00_MOCK,27,23,15,4,0,3,3,6,24,19,4,4,4,2,3,37,19,3,10,3,1,2,18,6,3,1,4,5,10,40,13,10,2,4,2,10
MOCK_SEGM,GAP,NIÑOS,POLERAS,BASICO,2024,PRODUCTO MOCK 275,MOCK COLOR,29 x 30,999275_GP00_MOCK,35,12,8,0,1,4,4,6,26,10,2,6,0,5,6,33,9,10,6,2,1,3,33,19,8,2,3,2,1,40,19,2,8,4,1,7
MOCK_SEGM,GAP,MUJERES,POLERAS,BASICO,2024,PRODUCTO MOCK 276,MOCK COLOR,35,999276_GP00_MOCK,98,40,5,9,1,0,0,1,12,20,10,2,4,5,5,43,3,2,1,4,4,6,44,14,10,8,0,1,5,36,20,0,0,2,4,12
MOCK_SEGM,GAP,HOMBRES,ACCESORIOS,BASICO,2024,PRODUCTO MOCK 277,MOCK COLOR,32 x 32,999277_GP00_MOCK,93,34,4,10,8,0,4,10,15,2,9,0,1,5,11,24,16,8,9,5,5,4,41,19,2,2,5,1,3,21,12,4,3,3,3,11
MOCK_SEGM,GAP,HOMBRES,CHAQUETAS,BASICO,2024,PRODUCTO MOCK 278,MOCK COLOR,34,999278_GP00_MOCK,67,40,0,4,7,1,1,6,41,9,7,8,0,1,3,10,10,8,9,4,1,1,35,11,1,8,4,1,8,15,17,4,7,3,2,11
MOCK_SEGM,GAP,MUJERES,POLERAS,BASICO,2024,PRODUCTO MOCK 279,MOCK COLOR,XXL / (14-16),999279_GP00_MOCK,2,33,9,6,3,5,3,11,30,2,6,3,1,5,3,43,6,8,4,5,3,11,37,9,1,3,2,1,7,48,7,1,1,2,4,0
MOCK_SEGM,GAP,NIÑOS,CHAQUETAS,BASICO,2024,PRODUCTO MOCK 280,MOCK COLOR,30 x 32,999280_GP00_MOCK,8,10,3,3,0,0,3,4,18,4,5,4,5,5,9,40,4,8,8,2,1,11,12,2,2,5,1,1,8,4,6,9,0,1,3,11
MOCK_SEGM,GAP,HOMBRES,ACCESORIOS,BASICO,2024,PRODUCTO MOCK 281,MOCK COLOR,M,999281_GP00_MOCK,31,34,14,4,5,3,1,9,37,11,2,0,2,0,9,24,11,6,5,0,5,1,27,6,9,1,2,5,10,44,2,1,10,4,4,9
MOCK_SEGM,GAP,MUJERES,CHAQUETAS,BASICO,2024,PRODUCTO MOCK 282,MOCK COLOR,XS (4-5),999282_GP00_MOCK,24,15,3,2,8,4,3,5,12,8,0,4,4,4,0,8,9,5,6,1,5,12,19,6,0,10,2,0,0,26,18,7,3,0,0,0
MOCK_SEGM,GAP,NIÑOS,CHAQUETAS,BASICO,2024,PRODUCTO MOCK 283,MOCK COLOR,L,999283_GP00_MOCK,26,41,5,5,2,1,5,10,7,5,7,3,4,2,7,25,7,1,8,0,1,9,49,5,2,0,0,4,10,28,4,5,1,4,3,12
MOCK_SEGM,GAP,HOMBRES,CHAQUETAS,BASICO,2024,PRODUCTO MOCK 284,MOCK COLOR,29 x 30,999284_GP00_MOCK,78,3,16,1,6,2,5,5,4,5,6,5,1,3,6,33,5,9,9,2,2,7,42,3,6,10,2,2,8,49,18,5,7,1,2,8
MOCK_SEGM,GAP,HOMBRES,JEANS,BASICO,2024,PRODUCTO MOCK 285,MOCK COLOR,34 x 32,999285_GP00_MOCK,11,43,5,2,3,5,0,12,32,19,3,2,0,5,3,44,9,3,4,4,2,11,11,11,8,0,2,2,12,50,20,0,8,3,5,3
MOCK_SEGM,GAP,BEBES,ACCESORIOS,BASICO,2024,PRODUCTO MOCK 286,MOCK COLOR,32 x 34,999286_GP00_MOCK,62,21,17,5,5,1,0,1,29,4,2,6,5,1,11,26,3,1,10,2,2,2,20,3,7,1,5,2,0,6,18,7,0,4,0,5
MOCK_SEGM,GAP,NIÑOS,JEANS,BASICO,2024,PRODUCTO MOCK 287,MOCK COLOR,XXL / (14-16),999287_GP00_MOCK,33,5,5,3,2,1,0,12,11,14,4,1,2,3,4,26,13,10,8,5,2,12,8,7,6,6,0,5,2,42,0,9,4,0,5,7
MOCK_SEGM,GAP,HOMBRES,CHAQUETAS,BASICO,2024,PRODUCTO MOCK 288,MOCK COLOR,34 x 30,999288_GP00_MOCK,20,7,19,6,10,3,3,3,5,2,6,8,3,3,8,6,3,1,8,5,5,6,28,2,0,8,4,1,8,17,6,6,10,3,5,5
MOCK_SEGM,GAP,HOMBRES,JEANS,BASICO,2024,PRODUCTO MOCK 289,MOCK COLOR,32,999289_GP00_MOCK,0,41,12,4,4,3,5,9,44,10,9,9,3,3,2,28,7,2,2,4,1,10,44,10,8,7,4,0,0,14,15,7,5,3,3,9
MOCK_SEGM,GAP,BEBES,JEANS,BASICO,2024,PRODUCTO MOCK 290,MOCK COLOR,26,999290_GP00_MOCK,85,36,17,2,5,4,2,5,14,1,2,7,1,3,2,30,17,3,2,3,0,10,7,18,10,1,5,2,4,4,3,8,6,2,2,11
MOCK_SEGM,GAP,HOMBRES,JEANS,BASICO,2024,PRODUCTO MOCK 291,MOCK COLOR,31 x 32,999291_GP00_MOCK,33,26,11,6,4,0,1,8,50,10,7,9,3,4,5,37,14,5,5,5,3,1,31,2,4,2,2,1,9,34,14,6,8,3,0,10
MOCK_SEGM,GAP,NIÑOS,CHAQUETAS,BASICO,2024,PRODUCTO MOCK 292,MOCK COLOR,32 x 30,999292_GP00_MOCK,11,23,5,3,3,1,5,10,11,18,3,2,1,1,4,14,2,7,3,5,5,6,0,16,0,4,4,5,2,43,4,6,0,1,0,11
MOCK_SEGM,GAP,MUJERES,POLERAS,BASICO,2024,PRODUCTO MOCK 293,MOCK COLOR,16,999293_GP00_MOCK,14,0,19,9,6,0,3,11,50,10,5,8,0,2,12,42,7,1,5,4,2,6,7,4,3,7,0,1,2,38,12,8,7,0,0,11
MOCK_SEGM,GAP,NIÑOS,ACCESORIOS,BASICO,2024,PRODUCTO MOCK 294,MOCK COLOR,16,999294_GP00_MOCK,28,9,11,0,8,5,4,2,32,3,1,2,2,3,9,34,16,0,8,0,0,7,8,15,9,3,1,1,11,35,10,9,2,5,3,7
MOCK_SEGM,GAP,BEBES,CHAQUETAS,BASICO,2024,PRODUCTO MOCK 295,MOCK COLOR,XXL,999295_GP00_MOCK,39,8,6,5,7,0,2,11,25,20,0,10,5,5,6,15,8,10,6,4,4,10,25,10,6,0,4,1,10,26,12,4,9,0,0,2
MOCK_SEGM,GAP,NIÑOS,ACCESORIOS,BASICO,2024,PRODUCTO MOCK 296,MOCK COLOR,12,999296_GP00_MOCK,35,38,18,9,1,4,3,12,32,0,4,2,2,0,8,7,17,1,3,5,4,8,26,19,4,6,2,1,7,35,16,8,7,4,4,8
MOCK_SEGM,GAP,MUJERES,ACCESORIOS,BASICO,2024,PRODUCTO MOCK 297,MOCK COLOR,32,999297_GP00_MOCK,65,12,4,2,5,5,5,2,47,16,7,1,5,0,0,19,0,1,9,3,3,4,13,7,9,1,4,0,1,49,8,1,5,1,1,10
MOCK_SEGM,GAP,MUJERES,CHAQUETAS,BASICO,2024,PRODUCTO MOCK 298,MOCK COLOR,25,999298_GP00_MOCK,1,12,13,1,1,0,2,6,43,7,10,1,4,5,6,8,9,10,6,4,5,3,19,9,0,5,2,1,0,45,2,8,4,1,3,5
MOCK_SEGM,GAP,MUJERES,ACCESORIOS,BASICO,2024,PRODUCTO MOCK 299,MOCK COLOR,29 x 30,999299_GP00_MOCK,84,13,19,7,10,1,0,2,6,14,10,10,0,3,6,8,7,8,2,4,3,5,10,5,8,10,1,3,8,20,9,9,0,0,1,3
MOCK_SEGM,GAP,HOMBRES,ACCESORIOS,BASICO,2024,PRODUCTO MOCK 300,MOCK COLOR,34 x 32,999300_GP00_MOCK,92,0,8,8,2,1,3,4,21,10,7,9,2,0,2,20,13,6,0,2,3,1,37,14,6,1,1,4,9,35,11,3,10,2,2,0
MOCK_SEGM,GAP,BEBES,ACCESORIOS,BASICO,2024,PRODUCTO MOCK 301,MOCK COLOR,30,999301_GP00_MOCK,67,1,2,5,5,1,3,6,36,15,1,7,5,5,9,32,17,6,10,2,4,4,31,14,0,9,2,5,2,0,2,0,9,1,1,8
MOCK_SEGM,GAP,MUJERES,JEANS,BASICO,2024,PRODUCTO MOCK 302,MOCK COLOR,36 x 30,999302_GP00_MOCK,89,15,10,9,1,5,1,5,44,14,0,5,4,1,2,27,0,10,1,1,4,11,31,18,3,10,0,3,9,34,2,10,6,0,4,3
MOCK_SEGM,GAP,HOMBRES,POLERAS,BASICO,2024,PRODUCTO MOCK 303,MOCK COLOR,S,999303_GP00_MOCK,68,2,7,8,9,5,2,8,30,6,2,6,2,4,3,16,15,6,4,1,1,11,27,3,2,9,3,2,8,49,4,0,3,2,1,6
MOCK_SEGM,GAP,NIÑOS,POLERAS,BASICO,2024,PRODUCTO MOCK 304,MOCK COLOR,32 x 30,999304_GP00_MOCK,81,41,16,9,6,5,2,9,10,12,3,5,2,1,9,18,12,4,2,3,1,2,30,5,7,2,5,0,5,41,14,1,0,5,5,4
MOCK_SEGM,GAP,BEBES,ACCESORIOS,BASICO,2024,PRODUCTO MOCK 305,MOCK COLOR,7,999305_GP00_MOCK,4,26,0,1,6,1,1,4,8,1,7,1,5,4,9,1,4,9,5,2,0,8,29,12,2,8,5,4,8,24,0,8,3,3,2,3
MOCK_SEGM,GAP,BEBES,POLERAS,BASICO,2024,PRODUCTO MOCK 306,MOCK COLOR,M / (8),999306_GP00_MOCK,69,3,11,9,3,1,3,12,12,15,8,4,2,3,11,8,18,1,4,5,1,1,14,1,7,4,3,3,2,44,16,5,4,4,4,10
MOCK_SEGM,GAP,NIÑOS,CHAQUETAS,BASICO,2024,PRODUCTO MOCK 307,MOCK COLOR,30 x 32,999307_GP00_MOCK,63,20,11,2,10,1,2,9,25,20,0,1,0,3,11,14,10,7,5,1,2,11,0,5,4,10,3,0,3,12,19,1,4,0,4,0
MOCK_SEGM,GAP,MUJERES,CHAQUETAS,BASICO,2024,PRODUCTO MOCK 308,MOCK COLOR,XXL / (14-16),999308_GP00_MOCK,41,41,5,3,4,3,2,2,41,3,6,4,3,2,4,41,15,1,2,4,0,5,45,0,0,2,3,3,1,49,8,4,5,1,4,1
MOCK_SEGM,GAP,NIÑOS,POLERAS,BASICO,2024,PRODUCTO MOCK 309,MOCK COLOR,L / (10),999309_GP00_MOCK,1,0,16,7,10,1,4,7,2,20,0,2,4,3,9,36,6,6,7,2,1,5,15,20,3,10,0,0,6,7,16,10,2,2,4,8
MOCK_SEGM,GAP,NIÑOS,ACCESORIOS,BASICO,2024,PRODUCTO MOCK 310,MOCK COLOR,12,999310_GP00_MOCK,27,38,12,6,2,4,2,2,50,1,2,10,5,1,5,41,0,2,3,0,2,7,6,1,5,9,4,4,0,34,10,0,3,1,4,9
MOCK_SEGM,GAP,NIÑOS,JEANS,BASICO,2024,PRODUCTO MOCK 311,MOCK COLOR,38 x 32,999311_GP00_MOCK,72,1,2,1,4,5,2,0,4,7,5,9,5,5,1,26,10,9,4,3,2,10,49,18,0,9,1,5,6,43,2,5,3,5,0,1
MOCK_SEGM,GAP,MUJERES,POLERAS,BASICO,2024,PRODUCTO MOCK 312,MOCK COLOR,2,999312_GP00_MOCK,29,44,16,4,9,1,4,12,21,5,2,10,5,0,1,32,10,5,6,5,3,0,23,19,4,0,4,5,11,33,15,4,5,2,4,1
MOCK_SEGM,GAP,NIÑOS,JEANS,BASICO,2024,PRODUCTO MOCK 313,MOCK COLOR,40 x 34,999313_GP00_MOCK,58,26,4,1,5,4,0,6,18,9,7,5,3,4,8,9,0,3,5,4,3,6,48,6,2,7,1,3,9,14,11,1,5,1,3,12
MOCK_SEGM,GAP,NIÑOS,JEANS,BASICO,2024,PRODUCTO MOCK 314,MOCK COLOR,2,999314_GP00_MOCK,55,23,9,6,10,5,3,1,40,4,9,4,4,2,3,15,11,2,9,1,1,8,32,17,6,9,5,4,6,43,5,6,3,2,3,3
MOCK_SEGM,GAP,MUJERES,ACCESORIOS,BASICO,2024,PRODUCTO MOCK 315,MOCK COLOR,2,999315_GP00_MOCK,47,11,20,8,10,0,4,0,13,2,10,0,4,0,1,20,8,7,3,5,3,5,22,13,2,9,1,5,7,2,8,1,4,3,4,5
MOCK_SEGM,GAP,MUJERES,JEANS,BASICO,2024,PRODUCTO MOCK 316,MOCK COLOR,M,999316_GP00_MOCK,20,30,1,0,3,4,0,4,17,15,4,4,4,3,11,45,9,0,1,3,3,3,41,11,0,5,0,2,4,44,20,10,5,3,1,9
MOCK_SEGM,GAP,HOMBRES,CHAQUETAS,BASICO,2024,PRODUCTO MOCK 317,MOCK COLOR,10,999317_GP00_MOCK,66,42,17,9,6,0,3,7,10,11,3,9,1,5,11,3,20,5,10,0,0,5,34,16,7,4,4,1,4,7,9,5,0,1,5,2
MOCK_SEGM,GAP,HOMBRES,ACCESORIOS,BASICO,2024,PRODUCTO MOCK 318,MOCK COLOR,35,999318_GP00_MOCK,65,50,7,10,7,5,2,9,18,7,6,8,0,2,9,19,10,9,0,4,1,3,35,5,3,8,0,0,8,42,0,2,2,1,0,10
MOCK_SEGM,GAP,NIÑOS,ACCESORIOS,BASICO,2024,PRODUCTO MOCK 319,MOCK COLOR,29,999319_GP00_MOCK,86,20,2,5,9,4,0,3,35,13,5,5,1,5,10,44,16,1,4,5,4,5,26,10,5,2,3,0,6,3,14,7,9,4,5,0
MOCK_SEGM,GAP,NIÑOS,JEANS,BASICO,2024,PRODUCTO MOCK 320,MOCK COLOR,34 x 34,999320_GP00_MOCK,52,11,15,1,9,2,1,8,5,3,1,8,2,5,5,24,8,1,1,3,3,0,49,4,1,4,3,2,8,24,5,2,8,1,5,1
MOCK_SEGM,GAP,BEBES,ACCESORIOS,BASICO,2024,PRODUCTO MOCK 321,MOCK COLOR,25,999321_GP00_MOCK,87,6,6,9,10,1,1,5,1,17,2,0,5,5,11,33,18,3,9,2,4,4,29,1,8,3,5,0,2,15,11,6,0,1,1,1
MOCK_SEGM,GAP,HOMBRES,CHAQUETAS,BASICO,2024,PRODUCTO MOCK 322,MOCK COLOR,2,999322_GP00_MOCK,88,33,18,3,2,5,4,11,28,1,2,7,4,2,5,43,20,7,8,3,5,12,13,20,7,6,3,3,9,18,0,0,4,1,4,10
MOCK_SEGM,GAP,HOMBRES,JEANS,BASICO,2024,PRODUCTO MOCK 323,MOCK COLOR,16,999323_GP00_MOCK,10,30,3,7,6,1,4,6,37,8,9,7,5,4,12,13,6,5,3,4,1,12,10,5,10,6,2,4,9,30,15,1,1,0,3,3
MOCK_SEGM,GAP,HOMBRES,JEANS,BASICO,2024,PRODUCTO MOCK 324,MOCK COLOR,16,999324_GP00_MOCK,18,39,0,7,8,2,2,11,26,14,3,4,1,2,0,33,9,10,6,3,5,6,44,3,1,2,4,3,7,21,11,2,0,5,2,8
MOCK_SEGM,GAP,MUJERES,JEANS,BASICO,2024,PRODUCTO MOCK 325,MOCK COLOR,35,999325_GP00_MOCK,98,19,0,10,9,0,4,4,29,19,3,8,0,5,10,15,14,8,2,5,2,3,8,16,7,1,1,4,12,50,7,10,6,1,5,2
MOCK_SEGM,GAP,HOMBRES,POLERAS,BASICO,2024,PRODUCTO MOCK 326,MOCK COLOR,33 x 32,999326_GP00_MOCK,72,35,19,7,5,4,5,8,27,5,4,5,4,3,12,6,0,8,0,5,1,2,8,1,4,5,1,3,5,40,4,4,9,0,4,7
MOCK_SEGM,GAP,MUJERES,CHAQUETAS,BASICO,2024,PRODUCTO MOCK 327,MOCK COLOR,M / (8),999327_GP00_MOCK,20,22,15,9,1,3,1,2,24,9,3,4,3,5,3,7,4,8,6,3,5,5,41,6,0,10,4,0,11,16,1,10,6,5,0,3
MOCK_SEGM,GAP,HOMBRES,POLERAS,BASICO,2024,PRODUCTO MOCK 328,MOCK COLOR,2,999328_GP00_MOCK,70,12,18,0,9,4,1,7,24,13,10,4,1,1,1,42,1,0,5,1,5,3,47,19,2,0,0,1,1,1,8,2,7,0,5,0
MOCK_SEGM,GAP,BEBES,CHAQUETAS,BASICO,2024,PRODUCTO MOCK 329,MOCK COLOR,32 x 34,999329_GP00_MOCK,23,47,13,9,3,2,0,5,10,6,5,7,3,5,12,13,4,5,4,5,3,8,20,19,8,8,1,5,7,23,5,2,6,2,5,4
MOCK_SEGM,GAP,MUJERES,CHAQUETAS,BASICO,2024,PRODUCTO MOCK 330,MOCK COLOR,28,999330_GP00_MOCK,79,18,1,10,6,4,2,12,30,1,5,5,3,3,0,2,16,8,8,3,0,1,25,15,5,9,0,2,6,22,3,2,8,1,2,1
MOCK_SEGM,GAP,HOMBRES,CHAQUETAS,BASICO,2024,PRODUCTO MOCK 331,MOCK COLOR,M,999331_GP00_MOCK,46,31,7,3,0,5,2,6,13,15,5,7,4,1,1,19,11,2,1,2,2,0,38,12,0,6,5,0,9,37,4,2,7,2,3,12
MOCK_SEGM,GAP,NIÑOS,ACCESORIOS,BASICO,2024,PRODUCTO MOCK 332,MOCK COLOR,30 x 32,999332_GP00_MOCK,67,35,19,0,6,1,1,4,28,18,8,5,5,0,1,2,20,4,10,4,2,9,39,3,7,8,1,5,7,18,11,6,3,3,4,2
MOCK_SEGM,GAP,NIÑOS,CHAQUETAS,BASICO,2024,PRODUCTO MOCK 333,MOCK COLOR,XS,999333_GP00_MOCK,81,34,20,2,9,0,1,6,2,14,9,10,2,4,5,9,17,9,2,2,0,8,35,7,1,6,3,4,12,3,19,2,7,1,5,0
MOCK_SEGM,GAP,HOMBRES,POLERAS,BASICO,2024,PRODUCTO MOCK 334,MOCK COLOR,30 x 32,999334_GP00_MOCK,37,1,6,3,7,5,0,6,42,2,2,4,2,3,11,39,2,8,4,3,1,7,10,3,7,3,5,2,8,47,17,7,3,3,4,0
MOCK_SEGM,GAP,BEBES,ACCESORIOS,BASICO,2024,PRODUCTO MOCK 335,MOCK COLOR,12,999335_GP00_MOCK,76,45,8,6,8,5,2,7,42,13,7,3,3,2,2,46,17,5,4,2,3,9,38,10,8,0,3,2,4,47,4,0,6,3,5,2
MOCK_SEGM,GAP,MUJERES,POLERAS,BASICO,2024,PRODUCTO MOCK 336,MOCK COLOR,30 x 30,999336_GP00_MOCK,25,35,17,10,7,2,2,3,13,12,5,6,4,3,7,1,0,8,9,1,0,2,34,3,7,8,1,0,10,19,2,10,6,0,0,11
MOCK_SEGM,GAP,HOMBRES,ACCESORIOS,BASICO,2024,PRODUCTO MOCK 337,MOCK COLOR,24,999337_GP00_MOCK,64,28,13,1,4,1,5,8,3,20,1,10,2,5,1,44,18,1,7,4,0,7,25,17,0,3,1,5,2,49,18,2,1,2,4,10
MOCK_SEGM,GAP,BEBES,JEANS,BASICO,2024,PRODUCTO MOCK 338,MOCK COLOR,34 x 34,999338_GP00_MOCK,73,39,20,5,0,3,0,11,44,18,9,8,3,1,12,49,18,1,8,2,1,12,38,2,5,9,1,5,2,15,10,10,3,2,5,4
MOCK_SEGM,GAP,MUJERES,CHAQUETAS,BASICO,2024,PRODUCTO MOCK 339,MOCK COLOR,33 x 32,999339_GP00_MOCK,86,34,20,3,5,0,5,12,2,16,5,7,5,4,5,13,16,8,0,5,3,8,18,16,0,4,1,3,0,11,3,10,10,4,1,9
MOCK_SEGM,GAP,BEBES,ACCESORIOS,BASICO,2024,PRODUCTO MOCK 340,MOCK COLOR,14,999340_GP00_MOCK,83,24,13,8,8,1,0,3,37,3,4,1,4,3,10,47,17,1,5,0,3,10,17,15,7,3,1,0,6,22,11,7,7,2,4,4
MOCK_SEGM,GAP,NIÑOS,CHAQUETAS,BASICO,2024,PRODUCTO MOCK 341,MOCK COLOR,29,999341_GP00_MOCK,23,40,18,0,5,1,3,3,25,9,7,9,3,0,3,8,13,10,10,5,1,4,6,9,7,9,2,3,2,16,17,3,8,4,4,8
MOCK_SEGM,GAP,NIÑOS,ACCESORIOS,BASICO,2024,PRODUCTO MOCK 342,MOCK COLOR,XXS,999342_GP00_MOCK,97,7,7,3,0,2,2,3,34,17,3,7,1,1,7,24,6,4,2,4,2,2,13,8,2,9,0,5,2,7,12,3,7,3,0,11
MOCK_SEGM,GAP,BEBES,JEANS,BASICO,2024,PRODUCTO MOCK 343,MOCK COLOR,33,999343_GP00_MOCK,88,39,1,8,4,1,2,3,34,12,0,8,5,5,0,5,13,6,4,4,0,0,26,17,9,2,1,2,4,39,9,7,10,4,4,3
MOCK_SEGM,GAP,NIÑOS,JEANS,BASICO,2024,PRODUCTO MOCK 344,MOCK COLOR,14,999344_GP00_MOCK,53,37,15,10,10,1,4,6,35,3,0,8,3,1,11,49,12,3,4,2,5,8,6,8,3,5,3,4,12,42,3,0,8,0,4,10
MOCK_SEGM,GAP,NIÑOS,CHAQUETAS,BASICO,2024,PRODUCTO MOCK 345,MOCK COLOR,XS (4-5),999345_GP00_MOCK,30,21,13,0,9,0,2,10,21,5,9,1,3,5,11,35,5,1,4,1,3,12,0,0,7,10,4,2,8,13,11,6,9,4,0,0
MOCK_SEGM,GAP,BEBES,ACCESORIOS,BASICO,2024,PRODUCTO MOCK 346,MOCK COLOR,38,999346_GP00_MOCK,1,46,5,10,4,1,3,0,42,9,10,10,4,0,8,41,1,6,5,4,0,9,22,1,3,10,0,4,8,4,18,5,9,5,5,6
MOCK_SEGM,GAP,MUJERES,POLERAS,BASICO,2024,PRODUCTO MOCK 347,MOCK COLOR,36,999347_GP00_MOCK,28,39,19,4,4,1,1,4,30,6,5,4,4,1,6,26,5,4,4,4,0,3,40,20,5,2,1,0,5,45,8,5,9,5,0,6
MOCK_SEGM,GAP,HOMBRES,JEANS,BASICO,2024,PRODUCTO MOCK 348,MOCK COLOR,30 x 30,999348_GP00_MOCK,53,10,1,1,2,3,2,8,42,14,2,7,1,1,3,18,3,4,8,0,5,10,30,3,5,7,1,1,12,21,13,9,5,4,4,4
MOCK_SEGM,GAP,NIÑOS,JEANS,BASICO,2024,PRODUCTO MOCK 349,MOCK COLOR,6,999349_GP00_MOCK,90,14,0,5,3,1,4,8,19,4,3,0,3,5,9,41,7,8,7,3,3,12,16,13,5,6,0,4,6,22,7,1,1,1,4,9
MOCK_SEGM,GAP,NIÑOS,POLERAS,BASICO,2024,PRODUCTO MOCK 350,MOCK COLOR,38,999350_GP00_MOCK,58,8,13,6,10,1,0,6,39,9,0,0,4,2,9,26,3,0,4,2,5,11,9,19,6,4,0,2,5,19,7,1,4,2,3,8
MOCK_SEGM,GAP,NIÑOS,JEANS,BASICO,2024,PRODUCTO MOCK 351,MOCK COLOR,6,999351_GP00_MOCK,61,30,7,9,1,0,4,8,3,12,7,3,5,5,2,3,7,3,6,4,2,11,20,6,2,0,1,5,8,25,11,2,0,5,0,3
MOCK_SEGM,GAP,HOMBRES,JEANS,BASICO,2024,PRODUCTO MOCK 352,MOCK COLOR,XS,999352_GP00_MOCK,69,15,11,2,4,3,0,11,4,5,10,10,0,4,5,49,14,0,2,1,1,7,18,5,0,7,0,1,4,14,3,5,5,5,3,8
MOCK_SEGM,GAP,NIÑOS,ACCESORIOS,BASICO,2024,PRODUCTO MOCK 353,MOCK COLOR,6,999353_GP00_MOCK,78,11,19,0,4,4,0,2,30,11,8,1,5,0,8,27,3,10,1,5,2,0,41,8,7,6,2,4,10,6,18,5,1,1,4,12
MOCK_SEGM,GAP,MUJERES,POLERAS,BASICO,2024,PRODUCTO MOCK 354,MOCK COLOR,14,999354_GP00_MOCK,80,16,11,8,1,0,2,9,20,8,1,1,5,5,2,47,20,3,9,3,4,7,19,12,2,8,5,0,12,27,9,3,4,5,4,9
MOCK_SEGM,GAP,MUJERES,CHAQUETAS,BASICO,2024,PRODUCTO MOCK 355,MOCK COLOR,31 x 30,999355_GP00_MOCK,63,47,6,2,3,2,0,9,42,15,4,0,5,5,10,2,12,4,6,5,5,12,3,14,7,3,2,1,4,9,3,2,2,2,5,2
MOCK_SEGM,GAP,NIÑOS,POLERAS,BASICO,2024,PRODUCTO MOCK 356,MOCK COLOR,32 x 30,999356_GP00_MOCK,59,2,3,1,7,4,4,5,7,18,10,0,4,5,1,42,4,2,7,4,1,1,46,13,10,2,3,1,10,29,3,6,3,4,3,3
MOCK_SEGM,GAP,BEBES,JEANS,BASICO,2024,PRODUCTO MOCK 357,MOCK COLOR,8,999357_GP00_MOCK,76,50,4,6,2,3,2,1,23,12,9,7,5,3,2,30,11,3,2,3,5,12,23,12,4,3,2,0,9,23,5,9,7,0,2,0
MOCK_SEGM,GAP,HOMBRES,POLERAS,BASICO,2024,PRODUCTO MOCK 358,MOCK COLOR,L,999358_GP00_MOCK,24,29,14,5,8,1,4,12,27,6,2,10,2,5,5,19,4,9,7,3,3,12,37,13,0,7,3,1,11,11,12,9,8,0,0,1
MOCK_SEGM,GAP,HOMBRES,POLERAS,BASICO,2024,PRODUCTO MOCK 359,MOCK COLOR,14,999359_GP00_MOCK,58,9,1,0,6,1,4,7,9,5,2,6,3,2,2,40,2,10,2,5,4,12,4,0,2,9,4,5,0,26,19,9,2,4,3,5
MOCK_SEGM,GAP,HOMBRES,ACCESORIOS,BASICO,2024,PRODUCTO MOCK 360,MOCK COLOR,XXL / (14-16),999360_GP00_MOCK,99,28,4,2,9,5,5,0,27,9,2,3,3,1,0,46,15,6,1,1,0,8,17,12,1,0,4,4,4,37,8,1,8,1,4,0
MOCK_SEGM,GAP,BEBES,ACCESORIOS,BASICO,2024,PRODUCTO MOCK 361,MOCK COLOR,29 x 32,999361_GP00_MOCK,45,40,7,9,5,1,2,12,46,0,5,4,1,4,12,1,19,9,2,4,4,0,32,10,5,0,2,2,2,36,15,5,0,0,4,8
MOCK_SEGM,GAP,BEBES,CHAQUETAS,BASICO,2024,PRODUCTO MOCK 362,MOCK COLOR,24,999362_GP00_MOCK,98,17,13,10,2,4,0,4,8,1,3,0,5,3,10,19,0,4,9,2,1,5,46,3,4,6,3,4,7,34,7,4,0,4,4,0
MOCK_SEGM,GAP,HOMBRES,CHAQUETAS,BASICO,2024,PRODUCTO MOCK 363,MOCK COLOR,35,999363_GP00_MOCK,48,12,18,1,3,2,2,3,1,2,8,4,0,2,9,39,15,4,6,2,2,11,8,2,2,1,0,3,12,45,17,9,7,2,1,5
MOCK_SEGM,GAP,HOMBRES,POLERAS,BASICO,2024,PRODUCTO MOCK 364,MOCK COLOR,0 0,999364_GP00_MOCK,95,26,0,1,10,4,4,1,16,15,6,3,2,2,4,33,10,2,3,4,0,12,0,12,8,7,0,4,11,16,9,2,8,5,3,11
MOCK_SEGM,GAP,NIÑOS,POLERAS,BASICO,2024,PRODUCTO MOCK 365,MOCK COLOR,0 0,999365_GP00_MOCK,13,13,10,3,9,0,4,0,28,8,1,10,2,2,1,24,3,2,8,1,0,5,44,3,6,8,5,0,8,22,14,8,7,2,4,7
MOCK_SEGM,GAP,NIÑOS,CHAQUETAS,BASICO,2024,PRODUCTO MOCK 366,MOCK COLOR,XL,999366_GP00_MOCK,73,37,11,1,9,3,1,10,40,9,6,8,1,3,9,16,17,1,9,2,5,3,15,18,8,5,2,0,6,48,12,4,2,4,2,10
MOCK_SEGM,GAP,BEBES,ACCESORIOS,BASICO,2024,PRODUCTO MOCK 367,MOCK COLOR,32 x 30,999367_GP00_MOCK,14,20,15,4,4,5,3,2,22,4,9,9,5,5,6,9,5,8,0,2,1,5,32,17,9,9,4,4,6,13,20,6,1,5,2,9
MOCK_SEGM,GAP,BEBES,CHAQUETAS,BASICO,2024,PRODUCTO MOCK 368,MOCK COLOR,2,999368_GP00_MOCK,6,7,15,5,1,0,4,9,14,4,4,6,3,1,10,10,11,1,5,1,2,8,25,10,6,7,2,1,1,43,7,4,0,5,0,10
MOCK_SEGM,GAP,NIÑOS,ACCESORIOS,BASICO,2024,PRODUCTO MOCK 369,MOCK COLOR,36 x 30,999369_GP00_MOCK,16,0,11,9,8,2,0,2,30,0,3,6,4,5,11,49,10,6,7,1,3,8,40,13,2,3,0,4,6,12,10,4,1,5,2,5
MOCK_SEGM,GAP,BEBES,JEANS,BASICO,2024,PRODUCTO MOCK 370,MOCK COLOR,34 x 32,999370_GP00_MOCK,62,1,3,8,4,3,3,1,26,20,10,1,1,5,3,12,6,5,7,2,3,4,29,2,1,0,3,3,4,31,0,5,4,2,0,9
MOCK_SEGM,GAP,MUJERES,CHAQUETAS,BASICO,2024,PRODUCTO MOCK 371,MOCK COLOR,36 x 30,999371_GP00_MOCK,31,35,0,1,0,4,3,4,44,15,5,1,5,4,1,14,0,10,9,3,0,10,8,4,6,3,2,0,12,47,7,5,4,4,3,1
MOCK_SEGM,GAP,BEBES,JEANS,BASICO,2024,PRODUCTO MOCK 372,MOCK COLOR,33 x 30,999372_GP00_MOCK,78,20,2,1,9,5,4,7,50,19,10,9,0,3,3,3,20,2,7,0,0,2,30,16,10,0,1,5,6,34,1,0,5,2,2,9
MOCK_SEGM,GAP,BEBES,POLERAS,BASICO,2024,PRODUCTO MOCK 373,MOCK COLOR,0,999373_GP00_MOCK,33,39,17,4,7,3,3,2,36,14,7,6,3,2,5,18,19,7,6,0,2,6,25,13,0,9,3,0,4,43,1,5,5,1,5,3
MOCK_SEGM,GAP,NIÑOS,JEANS,BASICO,2024,PRODUCTO MOCK 374,MOCK COLOR,10,999374_GP00_MOCK,60,24,11,2,2,1,3,10,12,17,8,5,4,3,6,50,7,3,6,0,4,7,16,10,9,6,3,0,3,25,7,5,0,2,4,8
MOCK_SEGM,GAP,MUJERES,CHAQUETAS,BASICO,2024,PRODUCTO MOCK 375,MOCK COLOR,31 x 30,999375_GP00_MOCK,6,48,0,3,8,3,0,3,4,11,7,2,5,0,5,7,14,3,3,5,5,3,26,5,7,9,4,5,6,6,10,8,3,5,4,7
MOCK_SEGM,GAP,MUJERES,JEANS,BASICO,2024,PRODUCTO MOCK 376,MOCK COLOR,29,999376_GP00_MOCK,85,41,18,3,4,3,5,9,1,11,1,1,0,3,5,35,19,2,2,3,4,0,5,9,6,3,3,3,11,28,10,7,4,1,0,1
MOCK_SEGM,GAP,BEBES,ACCESORIOS,BASICO,2024,PRODUCTO MOCK 377,MOCK COLOR,40 x 32,999377_GP00_MOCK,37,3,7,6,3,0,5,12,50,3,0,3,3,3,4,21,4,0,4,3,5,9,9,18,0,4,2,2,11,9,15,5,10,4,2,2
MOCK_SEGM,GAP,MUJERES,JEANS,BASICO,2024,PRODUCTO MOCK 378,MOCK COLOR,XXS,999378_GP00_MOCK,9,47,10,9,1,3,0,9,45,4,8,5,4,1,10,3,11,7,0,2,2,2,45,4,5,4,3,0,12,22,13,1,7,5,1,3
MOCK_SEGM,GAP,MUJERES,ACCESORIOS,BASICO,2024,PRODUCTO MOCK 379,MOCK COLOR,31,999379_GP00_MOCK,9,36,17,3,4,2,2,6,41,20,6,9,2,5,3,21,19,2,6,2,0,11,21,1,0,1,3,4,3,22,20,5,10,1,4,5
MOCK_SEGM,GAP,BEBES,JEANS,BASICO,2024,PRODUCTO MOCK 380,MOCK COLOR,36,999380_GP00_MOCK,84,28,18,5,3,3,0,7,13,17,0,8,1,4,12,8,12,7,3,3,5,4,33,8,8,2,3,2,3,17,8,2,1,5,5,3
MOCK_SEGM,GAP,NIÑOS,CHAQUETAS,BASICO,2024,PRODUCTO MOCK 381,MOCK COLOR,29,999381_GP00_MOCK,33,12,3,9,1,5,2,10,25,17,5,1,5,3,6,6,0,6,3,2,5,7,26,3,1,9,1,3,2,29,9,10,8,2,3,7
MOCK_SEGM,GAP,MUJERES,POLERAS,BASICO,2024,PRODUCTO MOCK 382,MOCK COLOR,14,999382_GP00_MOCK,30,4,18,6,6,2,3,9,37,8,3,3,1,1,10,22,7,1,9,1,0,10,27,8,4,2,3,1,3,21,7,1,2,1,3,6
MOCK_SEGM,GAP,NIÑOS,JEANS,BASICO,2024,PRODUCTO MOCK 383,MOCK COLOR,12,999383_GP00_MOCK,55,12,2,0,2,2,4,1,4,0,5,0,0,2,4,3,0,4,1,5,3,9,24,15,5,0,4,3,2,23,15,1,10,0,3,9
MOCK_SEGM,GAP,BEBES,CHAQUETAS,BASICO,2024,PRODUCTO MOCK 384,MOCK COLOR,40 x 32,999384_GP00_MOCK,0,48,10,3,7,4,1,9,29,18,10,9,3,2,11,40,2,8,4,5,5,12,44,13,3,3,1,0,4,14,18,6,3,2,2,5
MOCK_SEGM,GAP,NIÑOS,POLERAS,BASICO,2024,PRODUCTO MOCK 385,MOCK COLOR,36 x 30,999385_GP00_MOCK,85,50,16,9,7,5,2,4,13,15,7,8,4,1,11,42,17,1,1,3,0,11,43,6,6,1,4,3,2,3,18,9,7,2,0,12
MOCK_SEGM,GAP,MUJERES,CHAQUETAS,BASICO,2024,PRODUCTO MOCK 386,MOCK COLOR,S / (6),999386_GP00_MOCK,8,15,2,3,9,3,0,9,47,6,3,1,4,1,7,15,5,5,5,0,1,9,30,1,6,0,3,5,2,49,15,2,10,3,4,7
MOCK_SEGM,GAP,MUJERES,CHAQUETAS,BASICO,2024,PRODUCTO MOCK 387,MOCK COLOR,36 x 32,999387_GP00_MOCK,27,12,13,10,9,4,3,9,16,10,0,7,4,1,5,19,9,8,7,5,3,9,1,10,0,10,1,0,7,50,12,0,6,0,0,1
MOCK_SEGM,GAP,BEBES,JEANS,BASICO,2024,PRODUCTO MOCK 388,MOCK COLOR,29 x 30,999388_GP00_MOCK,52,36,7,8,10,4,4,6,48,5,7,8,1,0,0,14,14,2,5,5,1,12,29,10,3,1,4,4,5,32,20,3,6,0,2,1
MOCK_SEGM,GAP,HOMBRES,POLERAS,BASICO,2024,PRODUCTO MOCK 389,MOCK COLOR,30 x 30,999389_GP00_MOCK,46,2,16,2,9,1,4,4,0,0,9,9,0,4,9,37,13,7,0,5,1,0,16,3,4,0,2,4,2,30,3,1,3,4,3,0
MOCK_SEGM,GAP,HOMBRES,CHAQUETAS,BASICO,2024,PRODUCTO MOCK 390,MOCK COLOR,30 x 30,999390_GP00_MOCK,6,20,18,10,4,1,2,6,1,6,3,5,1,2,8,37,7,9,3,3,5,5,32,19,5,3,1,5,1,37,17,2,10,3,3,1
MOCK_SEGM,GAP,BEBES,JEANS,BASICO,2024,PRODUCTO MOCK 391,MOCK COLOR,34 x 32,999391_GP00_MOCK,63,45,4,0,4,3,5,11,47,8,2,1,2,3,6,3,17,7,4,3,0,6,15,3,6,0,1,3,5,16,1,4,8,1,1,1
MOCK_SEGM,GAP,HOMBRES,POLERAS,BASICO,2024,PRODUCTO MOCK 392,MOCK COLOR,12,999392_GP00_MOCK,45,15,16,7,4,4,0,5,4,5,1,5,3,0,5,6,13,5,2,3,0,7,3,11,6,6,5,1,5,41,8,7,9,4,0,7
MOCK_SEGM,GAP,BEBES,POLERAS,BASICO,2024,PRODUCTO MOCK 393,MOCK COLOR,30 x 30,999393_GP00_MOCK,47,22,4,5,10,2,3,12,39,19,5,2,0,2,7,39,14,5,10,0,5,10,8,15,4,6,0,4,5,34,13,2,2,1,4,6
MOCK_SEGM,GAP,HOMBRES,ACCESORIOS,BASICO,2024,PRODUCTO MOCK 394,MOCK COLOR,24,999394_GP00_MOCK,97,47,11,2,10,4,3,6,6,7,9,8,5,5,12,50,14,9,6,0,1,3,40,16,7,9,1,0,3,46,19,6,10,4,3,5
MOCK_SEGM,GAP,BEBES,ACCESORIOS,BASICO,2024,PRODUCTO MOCK 395,MOCK COLOR,16,999395_GP00_MOCK,60,14,4,10,5,3,0,12,19,18,7,8,2,4,5,8,18,2,2,4,0,8,33,20,9,2,3,2,4,44,7,8,8,4,0,9
MOCK_SEGM,GAP,BEBES,CHAQUETAS,BASICO,2024,PRODUCTO MOCK 396,MOCK COLOR,10,999396_GP00_MOCK,70,28,7,1,2,3,2,6,7,1,2,0,3,2,4,27,15,2,9,3,0,6,15,6,0,0,1,3,10,29,5,3,1,2,2,9
MOCK_SEGM,GAP,NIÑOS,CHAQUETAS,BASICO,2024,PRODUCTO MOCK 397,MOCK COLOR,33 x 30,999397_GP00_MOCK,56,26,10,7,6,1,0,4,32,17,3,7,2,1,10,23,19,6,1,3,4,0,15,8,10,8,5,0,11,30,13,2,4,4,3,8
MOCK_SEGM,GAP,NIÑOS,POLERAS,BASICO,2024,PRODUCTO MOCK 398,MOCK COLOR,36 x 32,999398_GP00_MOCK,40,2,1,5,10,4,5,1,47,7,2,7,0,0,8,17,7,7,6,0,3,2,46,15,7,7,1,0,5,34,5,9,9,1,3,7
MOCK_SEGM,GAP,BEBES,JEANS,BASICO,2024,PRODUCTO MOCK 399,MOCK COLOR,XL / (12),999399_GP00_MOCK,51,40,14,1,7,3,4,9,0,5,5,7,5,0,3,25,20,7,5,4,2,1,41,0,4,2,2,1,4,19,15,4,5,2,4,1
MOCK_SEGM,GAP,MUJERES,JEANS,BASICO,2024,PRODUCTO MOCK 400,MOCK COLOR,XXL / (14-16),999400_GP00_MOCK,7,26,10,0,2,3,5,9,32,3,1,2,5,1,10,44,4,6,3,3,4,9,17,9,0,3,2,3,6,30,12,5,3,5,4,2
MOCK_SEGM,GAP,MUJERES,CHAQUETAS,BASICO,2024,PRODUCTO MOCK 401,MOCK COLOR,6,999401_GP00_MOCK,0,25,5,9,5,1,3,11,42,18,6,4,2,2,1,49,16,8,7,0,4,12,50,6,3,5,4,2,2,8,15,3,4,3,1,2
MOCK_SEGM,GAP,NIÑOS,CHAQUETAS,BASICO,2024,PRODUCTO MOCK 402,MOCK COLOR,40 x 34,999402_GP00_MOCK,62,39,14,6,9,1,4,6,33,3,1,7,2,0,9,22,11,1,9,5,4,2,6,19,3,9,2,0,5,32,20,7,7,4,1,10
MOCK_SEGM,GAP,BEBES,CHAQUETAS,BASICO,2024,PRODUCTO MOCK 403,MOCK COLOR,40,999403_GP00_MOCK,5,7,5,1,9,4,3,3,34,16,3,6,5,1,3,49,14,10,6,5,3,0,3,6,3,4,1,2,12,40,6,0,3,4,1,5
MOCK_SEGM,GAP,MUJERES,CHAQUETAS,BASICO,2024,PRODUCTO MOCK 404,MOCK COLOR,36 x 30,999404_GP00_MOCK,88,5,5,2,1,4,1,5,21,17,1,8,3,5,8,32,17,0,0,3,0,1,42,20,7,9,5,0,6,12,8,4,0,5,0,6
MOCK_SEGM,GAP,MUJERES,POLERAS,BASICO,2024,PRODUCTO MOCK 405,MOCK COLOR,33 x 30,999405_GP00_MOCK,10,45,6,5,5,1,1,8,18,19,2,5,2,5,4,7,3,5,4,5,3,5,43,14,3,7,2,3,1,40,17,10,6,0,5,2
MOCK_SEGM,GAP,MUJERES,ACCESORIOS,BASICO,2024,PRODUCTO MOCK 406,MOCK COLOR,26,999406_GP00_MOCK,94,39,16,5,5,1,4,7,13,18,0,7,4,3,11,34,11,3,10,2,5,7,26,13,5,9,1,5,10,27,14,8,5,3,1,12
MOCK_SEGM,GAP,BEBES,POLERAS,BASICO,2024,PRODUCTO MOCK 407,MOCK COLOR,31,999407_GP00_MOCK,11,21,7,5,0,2,1,8,24,6,4,5,0,0,6,43,4,2,8,0,5,5,43,20,3,5,0,1,6,38,4,3,5,0,4,1
MOCK_SEGM,GAP,MUJERES,ACCESORIOS,BASICO,2024,PRODUCTO MOCK 408,MOCK COLOR,33,999408_GP00_MOCK,35,25,9,4,7,5,3,4,38,11,8,1,2,1,2,18,12,8,7,0,0,5,9,14,4,1,5,4,7,13,20,10,9,5,4,11
MOCK_SEGM,GAP,HOMBRES,POLERAS,BASICO,2024,PRODUCTO MOCK 409,MOCK COLOR,30 x 32,999409_GP00_MOCK,78,15,13,6,8,2,0,1,30,19,1,4,1,2,6,41,14,7,10,0,0,9,15,3,1,4,0,1,7,43,14,7,2,1,1,8
MOCK_SEGM,GAP,MUJERES,CHAQUETAS,BASICO,2024,PRODUCTO MOCK 410,MOCK COLOR,10,999410_GP00_MOCK,79,45,12,9,10,2,1,11,24,5,8,5,1,0,3,4,13,1,1,5,5,9,7,8,6,9,3,4,9,47,14,5,6,4,4,3
MOCK_SEGM,GAP,HOMBRES,ACCESORIOS,BASICO,2024,PRODUCTO MOCK 411,MOCK COLOR,31 x 32,999411_GP00_MOCK,34,24,18,7,0,1,5,8,12,20,3,8,1,0,4,8,5,3,8,4,4,11,33,6,0,8,0,5,2,9,14,7,7,4,1,6
MOCK_SEGM,GAP,NIÑOS,POLERAS,BASICO,2024,PRODUCTO MOCK 412,MOCK COLOR,36 x 30,999412_GP00_MOCK,42,41,13,1,4,0,3,8,19,8,6,4,4,3,7,49,11,9,0,3,1,11,20,10,10,6,3,5,8,6,0,9,10,0,5,11
MOCK_SEGM,GAP,BEBES,CHAQUETAS,BASICO,2024,PRODUCTO MOCK 413,MOCK COLOR,28,999413_GP00_MOCK,76,37,7,6,6,2,2,9,4,20,5,2,4,5,3,40,4,8,0,1,3,12,33,7,7,1,2,4,1,2,4,2,7,3,4,7
MOCK_SEGM,GAP,BEBES,JEANS,BASICO,2024,PRODUCTO MOCK 414,MOCK COLOR,28 x 30,999414_GP00_MOCK,74,35,8,3,5,2,5,5,12,11,0,1,5,4,7,7,16,5,8,1,0,8,17,16,10,0,4,0,5,5,5,0,3,1,4,12
MOCK_SEGM,GAP,NIÑOS,CHAQUETAS,BASICO,2024,PRODUCTO MOCK 415,MOCK COLOR,XXS,999415_GP00_MOCK,38,16,9,2,3,1,2,9,35,18,4,3,2,1,5,12,1,5,5,1,1,4,24,17,2,4,3,2,9,38,6,9,9,3,1,10
MOCK_SEGM,GAP,BEBES,JEANS,BASICO,2024,PRODUCTO MOCK 416,MOCK COLOR,28,999416_GP00_MOCK,50,26,3,6,1,1,5,4,44,8,2,5,4,3,11,44,1,0,8,4,3,1,24,3,1,4,0,3,1,10,12,0,7,3,4,11
MOCK_SEGM,GAP,NIÑOS,POLERAS,BASICO,2024,PRODUCTO MOCK 417,MOCK COLOR,30 x 32,999417_GP00_MOCK,58,46,0,4,5,1,0,10,1,11,10,5,1,3,7,43,10,6,9,3,3,0,25,14,8,7,0,1,2,39,12,1,0,3,3,6
MOCK_SEGM,GAP,BEBES,ACCESORIOS,BASICO,2024,PRODUCTO MOCK 418,MOCK COLOR,40 x 32,999418_GP00_MOCK,85,38,7,10,10,3,3,0,14,0,4,2,4,3,0,8,14,9,3,2,5,3,49,11,10,4,1,4,3,44,14,2,4,0,1,2
MOCK_SEGM,GAP,HOMBRES,ACCESORIOS,BASICO,2024,PRODUCTO MOCK 419,MOCK COLOR,33 x 30,999419_GP00_MOCK,33,8,19,3,9,3,2,9,16,0,6,3,2,0,7,17,12,2,2,1,3,8,26,3,6,7,1,4,5,16,15,8,1,0,5,0
MOCK_SEGM,GAP,BEBES,ACCESORIOS,BASICO,2024,PRODUCTO MOCK 420,MOCK COLOR,28,999420_GP00_MOCK,82,37,16,5,10,1,4,1,30,11,6,5,3,0,7,21,5,9,2,5,1,10,16,1,0,3,3,2,0,26,14,4,10,2,2,9
MOCK_SEGM,GAP,HOMBRES,ACCESORIOS,BASICO,2024,PRODUCTO MOCK 421,MOCK COLOR,30,999421_GP00_MOCK,38,44,15,1,6,1,2,1,30,16,6,0,3,5,12,32,15,1,3,3,5,11,17,3,7,9,5,2,6,43,18,10,7,4,2,0
MOCK_SEGM,GAP,NIÑOS,CHAQUETAS,BASICO,2024,PRODUCTO MOCK 422,MOCK COLOR,28 x 30,999422_GP00_MOCK,73,14,16,1,10,0,4,7,6,12,2,5,5,0,12,30,11,10,10,5,3,0,1,10,3,6,2,5,2,45,6,9,10,4,1,9
MOCK_SEGM,GAP,MUJERES,ACCESORIOS,BASICO,2024,PRODUCTO MOCK 423,MOCK COLOR,36 x 30,999423_GP00_MOCK,71,21,9,5,2,2,5,7,47,7,4,1,5,5,1,10,9,8,6,0,0,4,50,20,2,8,5,1,9,7,2,8,3,3,0,5
MOCK_SEGM,GAP,BEBES,CHAQUETAS,BASICO,2024,PRODUCTO MOCK 424,MOCK COLOR,S / (6),999424_GP00_MOCK,62,0,17,6,4,4,4,11,47,15,7,5,5,4,5,38,2,2,3,1,3,8,43,15,6,8,2,4,1,5,20,8,10,2,3,8
MOCK_SEGM,GAP,MUJERES,CHAQUETAS,BASICO,2024,PRODUCTO MOCK 425,MOCK COLOR,40 x 32,999425_GP00_MOCK,99,28,5,1,9,3,5,5,8,3,8,4,2,4,4,7,17,7,3,5,3,0,5,8,0,5,0,5,1,32,13,0,3,4,4,7
MOCK_SEGM,GAP,BEBES,JEANS,BASICO,2024,PRODUCTO MOCK 426,MOCK COLOR,31,999426_GP00_MOCK,94,1,18,3,6,5,0,9,13,2,4,10,5,3,1,42,0,4,1,1,1,7,27,1,0,3,1,2,12,48,19,4,8,4,1,5
MOCK_SEGM,GAP,BEBES,JEANS,BASICO,2024,PRODUCTO MOCK 427,MOCK COLOR,S,999427_GP00_MOCK,1,30,4,9,0,2,2,4,7,0,6,3,0,5,4,9,17,10,8,0,5,1,13,10,6,4,5,2,4,24,6,1,1,0,2,2
MOCK_SEGM,GAP,NIÑOS,POLERAS,BASICO,2024,PRODUCTO MOCK 428,MOCK COLOR,28 x 30,999428_GP00_MOCK,48,40,4,8,5,5,4,1,23,17,0,4,4,0,5,27,10,4,2,1,4,7,8,10,7,10,4,3,11,3,8,2,8,5,0,6
MOCK_SEGM,GAP,MUJERES,CHAQUETAS,BASICO,2024,PRODUCTO MOCK 429,MOCK COLOR,M / (8),999429_GP00_MOCK,92,13,6,4,9,5,0,3,8,13,4,7,3,5,7,50,12,3,3,1,5,10,3,2,10,4,5,1,12,27,11,5,3,1,3,0
MOCK_SEGM,GAP,HOMBRES,ACCESORIOS,BASICO,2024,PRODUCTO MOCK 430,MOCK COLOR,2,999430_GP00_MOCK,3,23,1,2,4,3,3,10,13,17,0,9,4,1,5,11,14,1,4,0,2,6,27,18,1,9,5,4,4,35,15,2,1,1,2,6
MOCK_SEGM,GAP,NIÑOS,CHAQUETAS,BASICO,2024,PRODUCTO MOCK 431,MOCK COLOR,M,999431_GP00_MOCK,58,21,3,0,3,0,5,10,14,16,0,10,2,4,11,39,2,4,1,2,5,1,50,6,4,1,3,3,5,31,17,4,7,3,2,0
MOCK_SEGM,GAP,MUJERES,ACCESORIOS,BASICO,2024,PRODUCTO MOCK 432,MOCK COLOR,0,999432_GP00_MOCK,93,47,12,5,2,5,4,6,42,5,8,7,0,0,1,22,20,3,1,4,4,0,7,16,3,5,0,3,6,2,8,5,2,3,2,3
MOCK_SEGM,GAP,HOMBRES,ACCESORIOS,BASICO,2024,PRODUCTO MOCK 433,MOCK COLOR,L,999433_GP00_MOCK,11,18,11,10,6,2,1,2,46,19,2,4,4,3,6,19,7,3,10,3,1,3,33,11,0,2,4,2,11,43,18,3,0,5,1,2
MOCK_SEGM,GAP,BEBES,JEANS,BASICO,2024,PRODUCTO MOCK 434,MOCK COLOR,0 0,999434_GP00_MOCK,3,39,15,3,6,1,1,4,9,9,8,0,5,2,6,31,12,7,9,4,3,4,23,0,2,3,3,3,10,48,17,10,8,1,1,4
MOCK_SEGM,GAP,NIÑOS,POLERAS,BASICO,2024,PRODUCTO MOCK 435,MOCK COLOR,26,999435_GP00_MOCK,43,4,15,4,8,3,1,12,15,17,1,0,2,2,10,22,18,8,0,3,2,5,12,4,5,5,0,0,4,4,9,8,0,1,0,12
MOCK_SEGM,GAP,HOMBRES,JEANS,BASICO,2024,PRODUCTO MOCK 436,MOCK COLOR,XS (4-5),999436_GP00_MOCK,92,35,18,0,1,0,1,4,1,2,7,6,0,0,6,39,4,1,5,1,1,6,31,3,6,5,3,0,3,19,20,1,2,1,1,4
MOCK_SEGM,GAP,MUJERES,JEANS,BASICO,2024,PRODUCTO MOCK 437,MOCK COLOR,29 x 32,999437_GP00_MOCK,39,49,15,4,8,3,2,5,3,9,10,5,5,5,5,34,11,9,2,1,2,11,19,19,2,9,3,1,5,38,19,8,1,5,2,8
MOCK_SEGM,GAP,HOMBRES,POLERAS,BASICO,2024,PRODUCTO MOCK 438,MOCK COLOR,32 x 32,999438_GP00_MOCK,50,30,18,0,6,1,3,6,6,1,5,8,1,4,11,30,9,9,3,2,3,10,21,18,4,4,3,1,3,33,16,7,6,1,4,7
MOCK_SEGM,GAP,MUJERES,CHAQUETAS,BASICO,2024,PRODUCTO MOCK 439,MOCK COLOR,27,999439_GP00_MOCK,56,27,11,7,6,5,2,6,42,16,8,10,1,3,6,23,0,1,2,4,3,4,12,6,0,4,3,2,5,4,12,9,3,0,2,3
MOCK_SEGM,GAP,MUJERES,POLERAS,BASICO,2024,PRODUCTO MOCK 440,MOCK COLOR,29 x 30,999440_GP00_MOCK,53,36,4,1,4,3,2,10,10,7,4,2,3,1,4,25,12,0,4,0,5,3,2,3,5,7,1,2,6,48,8,1,1,5,3,8
MOCK_SEGM,GAP,HOMBRES,POLERAS,BASICO,2024,PRODUCTO MOCK 441,MOCK COLOR,2,999441_GP00_MOCK,3,38,4,0,6,2,5,9,8,18,10,1,0,1,10,12,3,8,4,3,3,3,31,5,5,0,0,4,2,16,16,3,5,0,4,6
MOCK_SEGM,GAP,BEBES,POLERAS,BASICO,2024,PRODUCTO MOCK 442,MOCK COLOR,32 x 34,999442_GP00_MOCK,89,49,9,6,8,2,4,6,0,1,9,5,0,0,7,47,5,8,1,1,0,10,49,18,1,7,5,0,4,19,7,5,4,2,1,12
MOCK_SEGM,GAP,HOMBRES,CHAQUETAS,BASICO,2024,PRODUCTO MOCK 443,MOCK COLOR,35,999443_GP00_MOCK,8,28,15,10,10,1,1,8,34,11,10,0,5,0,2,40,2,0,5,3,2,12,30,10,3,3,3,3,1,8,1,8,7,5,5,8
MOCK_SEGM,GAP,NIÑOS,JEANS,BASICO,2024,PRODUCTO MOCK 444,MOCK COLOR,29 x 32,999444_GP00_MOCK,31,41,4,3,2,2,1,10,24,3,1,9,5,1,10,15,5,8,10,1,5,5,44,13,1,0,4,4,6,45,3,4,10,1,4,6
MOCK_SEGM,GAP,BEBES,POLERAS,BASICO,2024,PRODUCTO MOCK 445,MOCK COLOR,38 x 32,999445_GP00_MOCK,88,2,6,6,9,0,5,10,41,12,7,0,0,1,6,18,9,5,8,1,3,12,12,3,3,9,3,3,12,22,19,8,4,5,1,10
MOCK_SEGM,GAP,NIÑOS,ACCESORIOS,BASICO,2024,PRODUCTO MOCK 446,MOCK COLOR,XS (4-5),999446_GP00_MOCK,32,37,18,1,9,5,3,12,48,14,9,0,1,0,12,2,12,3,6,3,2,12,9,3,0,0,1,2,6,11,5,10,9,2,0,8
MOCK_SEGM,GAP,BEBES,ACCESORIOS,BASICO,2024,PRODUCTO MOCK 447,MOCK COLOR,30 x 32,999447_GP00_MOCK,36,31,19,5,8,3,1,7,32,14,10,4,5,2,9,33,0,1,6,4,3,0,38,2,8,2,0,1,3,36,5,5,7,5,0,4
MOCK_SEGM,GAP,MUJERES,JEANS,BASICO,2024,PRODUCTO MOCK 448,MOCK COLOR,14,999448_GP00_MOCK,12,22,7,1,5,4,2,1,3,17,0,3,0,3,7,39,1,8,2,0,0,6,39,6,7,0,2,2,0,5,17,4,1,0,5,3
MOCK_SEGM,GAP,NIÑOS,CHAQUETAS,BASICO,2024,PRODUCTO MOCK 449,MOCK COLOR,32 x 34,999449_GP00_MOCK,91,34,19,0,3,4,1,3,9,13,1,10,2,5,3,46,0,6,10,3,5,7,2,11,9,3,3,5,3,26,14,5,9,0,0,10
MOCK_SEGM,GAP,BEBES,ACCESORIOS,BASICO,2024,PRODUCTO MOCK 450,MOCK COLOR,35,999450_GP00_MOCK,12,31,18,10,8,2,5,8,9,19,1,6,2,2,3,16,6,5,7,3,3,0,17,15,7,9,1,1,3,44,8,7,0,5,0,1
MOCK_SEGM,GAP,MUJERES,POLERAS,BASICO,2024,PRODUCTO MOCK 451,MOCK COLOR,M / (8),999451_GP00_MOCK,60,49,17,1,2,1,0,10,14,2,9,9,1,1,7,38,15,6,9,4,2,6,10,2,2,8,0,4,3,34,7,5,7,1,1,7
MOCK_SEGM,GAP,HOMBRES,ACCESORIOS,BASICO,2024,PRODUCTO MOCK 452,MOCK COLOR,XS (4-5),999452_GP00_MOCK,25,45,2,3,6,4,0,9,20,4,3,6,2,4,5,2,15,0,9,2,1,11,26,19,9,7,2,1,9,33,11,6,1,2,4,10
MOCK_SEGM,GAP,BEBES,CHAQUETAS,BASICO,2024,PRODUCTO MOCK 453,MOCK COLOR,34 x 32,999453_GP00_MOCK,55,50,4,5,9,1,5,1,15,11,1,7,3,3,5,6,14,9,4,1,5,11,13,11,6,9,1,3,8,43,16,9,2,3,5,7
MOCK_SEGM,GAP,BEBES,CHAQUETAS,BASICO,2024,PRODUCTO MOCK 454,MOCK COLOR,14,999454_GP00_MOCK,96,45,13,4,5,2,0,12,29,14,6,7,4,4,11,1,5,8,10,2,0,5,36,0,0,3,2,2,7,25,11,3,7,2,1,1
MOCK_SEGM,GAP,MUJERES,CHAQUETAS,BASICO,2024,PRODUCTO MOCK 455,MOCK COLOR,29,999455_GP00_MOCK,10,46,7,1,6,3,3,2,30,0,2,1,0,0,1,9,9,1,8,3,4,8,6,17,5,0,2,2,5,18,8,4,3,0,4,2
MOCK_SEGM,GAP,BEBES,JEANS,BASICO,2024,PRODUCTO MOCK 456,MOCK COLOR,10,999456_GP00_MOCK,84,27,2,4,7,2,2,6,9,13,6,6,3,2,1,35,15,6,2,3,2,2,11,15,2,5,2,5,0,7,10,1,7,4,5,12
MOCK_SEGM,GAP,NIÑOS,JEANS,BASICO,2024,PRODUCTO MOCK 457,MOCK COLOR,34 x 34,999457_GP00_MOCK,7,19,5,2,4,1,2,7,31,4,6,1,4,2,0,15,8,4,7,4,4,10,22,17,0,1,2,2,5,49,10,9,6,1,1,12
MOCK_SEGM,GAP,MUJERES,ACCESORIOS,BASICO,2024,PRODUCTO MOCK 458,MOCK COLOR,36 x 30,999458_GP00_MOCK,28,50,9,2,4,5,2,12,35,10,1,7,3,0,3,49,8,5,7,4,1,6,5,19,3,3,1,3,1,27,17,8,7,2,3,2
MOCK_SEGM,GAP,NIÑOS,JEANS,BASICO,2024,PRODUCTO MOCK 459,MOCK COLOR,31,999459_GP00_MOCK,12,22,19,1,3,3,1,2,33,2,10,7,3,3,11,22,2,7,1,5,2,10,36,9,10,6,1,0,3,47,7,7,5,5,2,1
MOCK_SEGM,GAP,MUJERES,ACCESORIOS,BASICO,2024,PRODUCTO MOCK 460,MOCK COLOR,34 x 34,999460_GP00_MOCK,1,26,14,7,5,5,5,11,8,4,3,10,1,5,11,20,15,3,2,4,5,5,20,18,4,7,4,4,8,25,15,10,2,0,2,4
MOCK_SEGM,GAP,MUJERES,JEANS,BASICO,2024,PRODUCTO MOCK 461,MOCK COLOR,31,999461_GP00_MOCK,88,1,15,7,4,2,0,6,33,4,9,4,0,5,9,3,4,6,3,4,0,11,2,9,3,4,0,4,11,41,13,9,0,5,3,0
MOCK_SEGM,GAP,HOMBRES,CHAQUETAS,BASICO,2024,PRODUCTO MOCK 462,MOCK COLOR,24,999462_GP00_MOCK,22,23,5,9,9,4,3,10,39,17,0,5,4,0,12,17,20,7,2,3,2,6,49,20,10,10,0,5,7,43,1,1,10,1,4,0
MOCK_SEGM,GAP,BEBES,JEANS,BASICO,2024,PRODUCTO MOCK 463,MOCK COLOR,40 x 34,999463_GP00_MOCK,21,38,13,5,8,0,2,1,25,13,10,1,4,5,6,43,12,7,1,0,1,9,18,0,6,4,4,3,10,22,19,5,4,2,4,11
MOCK_SEGM,GAP,MUJERES,JEANS,BASICO,2024,PRODUCTO MOCK 464,MOCK COLOR,29 x 32,999464_GP00_MOCK,79,42,5,2,7,1,5,1,2,13,2,6,4,2,0,29,16,2,5,4,3,11,33,0,5,3,3,1,2,16,0,5,4,4,1,6
MOCK_SEGM,GAP,NIÑOS,ACCESORIOS,BASICO,2024,PRODUCTO MOCK 465,MOCK COLOR,30,999465_GP00_MOCK,29,42,19,10,2,2,5,10,15,2,6,2,2,5,5,3,2,2,8,2,4,12,38,8,3,10,0,0,4,23,9,8,3,0,5,11
MOCK_SEGM,GAP,BEBES,CHAQUETAS,BASICO,2024,PRODUCTO MOCK 466,MOCK COLOR,36 x 34,999466_GP00_MOCK,94,22,8,4,4,1,3,0,22,2,3,4,3,3,9,23,13,2,0,4,2,6,30,5,6,7,0,1,7,25,4,5,6,5,0,9
MOCK_SEGM,GAP,BEBES,ACCESORIOS,BASICO,2024,PRODUCTO MOCK 467,MOCK COLOR,XL,999467_GP00_MOCK,100,44,16,5,3,2,0,6,46,6,4,10,2,3,9,11,5,9,5,5,2,2,5,7,4,0,5,3,9,2,7,7,4,2,4,7
MOCK_SEGM,GAP,BEBES,POLERAS,BASICO,2024,PRODUCTO MOCK 468,MOCK COLOR,28,999468_GP00_MOCK,7,0,9,5,4,4,1,5,38,12,5,1,2,1,7,1,15,2,5,2,4,8,32,5,10,7,4,3,7,48,10,4,3,4,1,9
MOCK_SEGM,GAP,HOMBRES,POLERAS,BASICO,2024,PRODUCTO MOCK 469,MOCK COLOR,25,999469_GP00_MOCK,82,7,12,0,8,1,3,7,40,18,9,4,3,3,9,27,13,7,8,4,4,6,43,1,9,9,1,3,6,25,14,1,1,2,0,0
MOCK_SEGM,GAP,MUJERES,JEANS,BASICO,2024,PRODUCTO MOCK 470,MOCK COLOR,32 x 32,999470_GP00_MOCK,58,1,4,9,6,1,2,6,28,1,2,2,4,4,2,0,15,2,8,4,0,11,4,20,8,1,3,1,6,14,0,5,5,1,4,0
MOCK_SEGM,GAP,NIÑOS,ACCESORIOS,BASICO,2024,PRODUCTO MOCK 471,MOCK COLOR,34,999471_GP00_MOCK,77,33,19,10,1,0,4,8,36,11,2,1,3,2,8,34,19,1,10,2,2,12,46,2,8,2,2,0,4,21,16,8,7,3,2,2
MOCK_SEGM,GAP,MUJERES,ACCESORIOS,BASICO,2024,PRODUCTO MOCK 472,MOCK COLOR,L,999472_GP00_MOCK,7,45,20,8,6,4,4,8,49,13,7,9,2,3,11,37,8,2,0,3,4,1,34,18,9,7,2,1,1,4,15,6,10,2,2,9
MOCK_SEGM,GAP,MUJERES,POLERAS,BASICO,2024,PRODUCTO MOCK 473,MOCK COLOR,29 x 32,999473_GP00_MOCK,11,38,20,1,3,4,1,3,38,7,8,6,3,4,10,49,3,10,0,3,5,2,0,14,1,10,4,2,5,20,14,5,2,4,5,10
MOCK_SEGM,GAP,NIÑOS,JEANS,BASICO,2024,PRODUCTO MOCK 474,MOCK COLOR,38 x 30,999474_GP00_MOCK,84,38,16,6,4,0,0,1,29,18,0,0,3,1,4,16,8,3,1,5,0,8,46,0,9,9,0,2,12,49,0,7,4,1,0,2
MOCK_SEGM,GAP,MUJERES,ACCESORIOS,BASICO,2024,PRODUCTO MOCK 475,MOCK COLOR,0 0,999475_GP00_MOCK,96,11,8,7,8,5,3,1,18,13,8,10,2,5,0,46,3,6,2,4,3,6,44,12,0,3,4,4,4,49,2,0,4,2,2,3
MOCK_SEGM,GAP,HOMBRES,CHAQUETAS,BASICO,2024,PRODUCTO MOCK 476,MOCK COLOR,0 0,999476_GP00_MOCK,91,26,2,5,10,1,2,2,3,5,10,8,1,3,6,48,20,8,6,3,4,2,41,9,4,4,3,2,10,39,1,6,8,3,1,7
MOCK_SEGM,GAP,HOMBRES,CHAQUETAS,BASICO,2024,PRODUCTO MOCK 477,MOCK COLOR,XS,999477_GP00_MOCK,52,10,10,8,3,4,0,0,31,17,10,7,1,1,3,47,2,2,2,2,1,10,30,12,8,10,0,5,3,30,18,2,1,5,1,11
MOCK_SEGM,GAP,MUJERES,CHAQUETAS,BASICO,2024,PRODUCTO MOCK 478,MOCK COLOR,40 x 32,999478_GP00_MOCK,47,18,0,6,0,5,1,0,27,15,8,7,5,3,11,11,19,3,0,4,4,5,16,3,9,3,1,4,10,47,12,5,2,0,4,0
MOCK_SEGM,GAP,HOMBRES,CHAQUETAS,BASICO,2024,PRODUCTO MOCK 479,MOCK COLOR,25,999479_GP00_MOCK,38,41,10,5,2,3,3,11,15,3,7,0,2,0,12,0,16,2,5,5,1,4,28,3,0,6,0,5,6,49,6,3,0,5,5,0
MOCK_SEGM,GAP,BEBES,CHAQUETAS,BASICO,2024,PRODUCTO MOCK 480,MOCK COLOR,4,999480_GP00_MOCK,43,39,2,4,4,5,4,12,29,12,8,7,1,2,7,12,0,1,5,1,2,4,43,11,6,10,3,1,10,24,17,10,6,4,5,5
MOCK_SEGM,GAP,BEBES,CHAQUETAS,BASICO,2024,PRODUCTO MOCK 481,MOCK COLOR,32,999481_GP00_MOCK,84,24,3,5,9,5,5,7,2,19,2,7,5,4,10,34,20,10,4,1,2,5,41,4,1,2,3,5,7,27,13,8,5,2,1,10
MOCK_SEGM,GAP,MUJERES,JEANS,BASICO,2024,PRODUCTO MOCK 482,MOCK COLOR,8,999482_GP00_MOCK,51,37,3,1,6,1,5,2,23,10,4,2,4,3,4,4,14,10,2,0,4,1,31,16,3,10,4,3,9,23,17,9,4,5,5,3
MOCK_SEGM,GAP,NIÑOS,ACCESORIOS,BASICO,2024,PRODUCTO MOCK 483,MOCK COLOR,36,999483_GP00_MOCK,58,28,2,1,4,2,5,5,11,10,9,9,0,5,6,1,1,1,4,2,0,4,0,20,4,7,0,1,1,29,2,0,0,2,4,5
MOCK_SEGM,GAP,BEBES,POLERAS,BASICO,2024,PRODUCTO MOCK 484,MOCK COLOR,M,999484_GP00_MOCK,87,23,14,5,6,3,4,11,34,13,10,2,1,4,11,3,14,6,5,3,0,1,41,18,6,7,0,0,8,45,13,3,8,0,3,1
MOCK_SEGM,GAP,BEBES,JEANS,BASICO,2024,PRODUCTO MOCK 485,MOCK COLOR,S / (6),999485_GP00_MOCK,85,44,19,7,0,4,2,6,10,1,2,2,3,0,0,4,20,6,0,1,4,1,20,8,8,8,5,1,11,0,5,4,1,2,5,10
MOCK_SEGM,GAP,NIÑOS,CHAQUETAS,BASICO,2024,PRODUCTO MOCK 486,MOCK COLOR,0 0,999486_GP00_MOCK,74,43,6,1,9,4,1,10,11,1,4,3,4,4,5,19,10,1,6,2,5,1,5,12,5,1,4,0,8,30,19,9,0,1,0,9
MOCK_SEGM,GAP,MUJERES,ACCESORIOS,BASICO,2024,PRODUCTO MOCK 487,MOCK COLOR,38 x 32,999487_GP00_MOCK,78,35,10,9,8,0,1,11,28,4,0,6,2,2,5,36,3,10,9,3,1,6,14,19,7,6,2,3,11,43,11,3,3,1,0,9
MOCK_SEGM,GAP,HOMBRES,POLERAS,BASICO,2024,PRODUCTO MOCK 488,MOCK COLOR,M / (8),999488_GP00_MOCK,24,44,4,6,4,4,3,6,40,3,5,4,1,5,5,33,1,1,2,4,3,4,50,8,4,5,3,5,2,35,14,9,5,2,2,8
MOCK_SEGM,GAP,BEBES,POLERAS,BASICO,2024,PRODUCTO MOCK 489,MOCK COLOR,XS,999489_GP00_MOCK,62,31,5,4,5,5,4,2,7,8,4,9,0,5,2,9,4,6,0,4,1,3,43,3,9,10,0,5,8,9,12,4,9,0,0,0
MOCK_SEGM,GAP,HOMBRES,JEANS,BASICO,2024,PRODUCTO MOCK 490,MOCK COLOR,30,999490_GP00_MOCK,55,30,16,10,1,4,2,0,15,3,7,6,4,0,2,11,16,7,4,5,5,11,13,13,3,6,4,0,2,30,16,6,8,3,4,6
MOCK_SEGM,GAP,NIÑOS,POLERAS,BASICO,2024,PRODUCTO MOCK 491,MOCK COLOR,14,999491_GP00_MOCK,60,10,0,9,4,5,5,7,37,9,5,7,5,1,3,21,2,10,6,5,3,6,11,16,7,1,2,4,11,1,9,3,5,0,0,5
MOCK_SEGM,GAP,MUJERES,POLERAS,BASICO,2024,PRODUCTO MOCK 492,MOCK COLOR,30 x 30,999492_GP00_MOCK,21,14,0,4,10,0,1,10,1,9,3,5,4,4,10,45,14,2,2,3,2,6,30,3,3,9,3,5,12,12,20,7,5,0,3,1
MOCK_SEGM,GAP,NIÑOS,JEANS,BASICO,2024,PRODUCTO MOCK 493,MOCK COLOR,4,999493_GP00_MOCK,62,2,17,7,0,4,3,4,5,18,2,5,1,0,7,6,5,9,3,0,3,0,30,16,8,3,2,1,11,24,17,2,4,3,5,3
MOCK_SEGM,GAP,HOMBRES,ACCESORIOS,BASICO,2024,PRODUCTO MOCK 494,MOCK COLOR,32,999494_GP00_MOCK,77,3,20,3,9,5,1,12,1,2,1,3,5,5,11,22,13,5,7,0,5,1,43,19,0,8,0,1,10,37,2,5,3,4,4,11
MOCK_SEGM,GAP,HOMBRES,CHAQUETAS,BASICO,2024,PRODUCTO MOCK 495,MOCK COLOR,8,999495_GP00_MOCK,75,7,0,0,0,1,3,4,26,16,1,7,3,1,3,24,12,2,6,0,5,2,47,14,8,7,4,5,0,11,16,8,4,1,5,1
MOCK_SEGM,GAP,MUJERES,ACCESORIOS,BASICO,2024,PRODUCTO MOCK 496,MOCK COLOR,2,999496_GP00_MOCK,12,5,16,6,5,3,3,2,12,19,10,3,4,0,6,0,5,0,4,5,5,8,47,0,8,10,4,2,3,8,8,10,9,1,2,10
MOCK_SEGM,GAP,NIÑOS,POLERAS,BASICO,2024,PRODUCTO MOCK 497,MOCK COLOR,16,999497_GP00_MOCK,28,2,0,10,7,3,2,12,38,16,2,2,5,0,5,29,17,5,3,5,3,12,37,12,2,8,5,1,11,15,18,3,10,2,1,5
MOCK_SEGM,GAP,NIÑOS,ACCESORIOS,BASICO,2024,PRODUCTO MOCK 498,MOCK COLOR,16,999498_GP00_MOCK,47,41,15,2,7,2,0,8,22,6,2,4,2,3,11,3,6,6,8,3,4,12,29,9,1,7,5,0,5,26,12,9,2,3,5,3
MOCK_SEGM,GAP,HOMBRES,POLERAS,BASICO,2024,PRODUCTO MOCK 499,MOCK COLOR,L,999499_GP00_MOCK,92,44,8,2,9,2,3,0,6,7,8,3,5,2,12,12,20,9,9,5,4,12,23,11,5,9,4,1,12,20,10,3,0,1,0,2